Healthy Sequence,Mutated Sequence,Mutation Type,Mutated Nucleotide(s),Mutated Nucleotide(s)
"GTAGTAGGTCTTTGGCATTAGGAGCTTGAGCCCAGACGGCCCTAGCAGGGACCCCAGCGCCCGAGAGACC
ATGCAGAGGTCGCCTCTGGAAAAGGCCAGCGTTGTCTCCAAACTTTTTTTCAGGTGAGAAGGTGGCCAAC
CGAGCTTCGGAAAGACACGTGCCCACGAAAGAGGAGGGCGTGTGTATGGGTTGGGTTTGGGGTAAAGGAA
TAAGCAGTTTTTAAAAAGATGCGCTATCATTCATTGTTTTGAAAGAAAATGTGGGTATTGTAGAATAAAA
CAGAAAGCATTAAGAAGAGATGGAAGAATGAACTGAAGCTGATTGAATAGAGAGCCACATCTACTTGCAA
CTGAAAAGTTAGAATCTCAAGACTCAAGTACGCTACTATGCACTTGTTTTATTTCATTTTTCTAAGAAAC
TAAAAATACTTGTTAATAAGTACCTAAGTATGGTTTATTGGTTTTCCCCCTTCATGCCTTGGACACTTGA
TTGTCTTCTTGGCACATACAGGTGCCATGCCTGCATATAGTAAGTGCTCAGAAAACATTTCTTGACTGAA
TTCAGCCAACAAAAATTTTGGGGTAGGTAGAAAATATATGCTTAAAGTATTTATTGTTATGAGACTGGAT
ATATCTAGTATTTGTCACAGGTAAATGATTCTTCAAAAATTGAAAGCAAATTTGTTGAAATATTTATTTT
GAAAAAAGTTACTTCACAAGCTATAAATTTTAAAAGCCATAGGAATAGATACCGAAGTTATATCCAACTG
ACATTTAATAAATTGTATTCATAGCCTAATGTGATGAGCCACAGAAGCTTGCAAACTTTAATGAGATTTT
TTAAAATAGCATCTAAGTTCGGAATCTTAGGCAAAGTGTTGTTAGATGTAGCACTTCATATTTGAAGTGT
TCTTTGGATATTGCATCTACTTTGTTCCTGTTATTATACTGGTGTGAATGAATGAATAGGTACTGCTCTC
TCTTGGGACATTACTTGACACATAATTACCCAATGAATAAGCATACTGAGGTATCAAAAAAGTCAAATAT
GTTATAAATAGCTCATATATGTGTGTAGGGGGGAAGGAATTTAGCTTTCACATCTCTCTTATGTTTAGTT
CTCTGCATGTGCAGTTAATCCTGGAACTCCGGTGCTAAGGAGAGACTGTTGGCCCTTGAAGGAGAGCTCC
TCCCTGTGGATGAGAGAGAAGGACTTTACTCTTTGGAATTATCTTTTTGTGTTGATGTTATCCACCTTTT
GTTACTCCACCTATAAAATCGGCTTATCTATTGATCTGTTTTCCTAGTCCTTATAAAGTCAAAATGTTAA
TTGGCATAAATTATAGACTTTTTTTAGCAGAGAACTTTGAGGAACCTAAATGCCAACCAGTCTAAAAATG
CAGTTTTCAGAAGAATGAATATTTCATGGATAGTTCTAAATACTAATGAACTTTAAAATAGCTTACTATT
GATCTGTCAAAGTGGGTTTTTATATAATTTTCTTTTTACAAATCACCTGACACATTTAATATAGGTTAAA
AAATGCTATCAGGCTGGTTTGCAAAGAAAATGTATTACAAAGGCTGCTAAGTGTGTTAAGAGCATACTCA
TTTCTGTTCTCCAAAATATTTCATAAGGTGCTTTAAGAATAGGTATGTTTTTAAAAGTTAAGTTCCTACT
ATTTATAGGAACTGACAATCACCTAAAATACCAATGATTACAAACTTCCTTCTGGCCTTCTGGACTGCAA
TTCTAAAAGTGTAAAAAACATATTTTCTGCATTAAGTTAGGCAGTATTGCTTAGTTTTCAAAGTGGTAGG
CTTTGGAGTCAGATTATTTTGATTCAGATCCTACATCTACTGTTTAGTAGCTCTGTTGCCTGAGGCAGGT
CCCTTAACATCTCTGTGTGTGACTTGACCTTTAAAATTTGGAGACTGTCATAGGGGTTAATCCCTTGAGA
AAATGAATGTGAAAAGTTAGCCTAATGTTAACTGCTATTATTATGGATTACCATATTTTCACATTCATCA
CAGTACATGCACCTTGTTAATATAAGATGCTCAATTCATCTTTGAGTATAATTTTGTGACTCTCAATCTG
GATATGCAATGAGTGGGCCTGTATGAGAATTTAATTTATGAAAAATTGTGTTTCACATGGCCTTACCAGA
TATACAGGAAACACGTCACATGTTTCTATTGTATGTTGTTAAATGCCTTAGAATTTAACTTTCTGAATAG
GATCCCTTCAGTTTGAGAGTCATAAAAGAGTAAAATTATTATGGTATGAGTTATAGATTGTATTGAATAT
CTCTTTATATGTCTAGGTTTTGTCATTGGAAAACCAAAAAGTTTGGAAAAAAAATCTAAGTTATTTCTTA
CTTTCTTAATTTTGTGTGGATTTCACATCAAGTATAAAATTTGAAGAACATCTGAACTATCATAATCCAT
ATATATATATAAAATAAACATAATCTAAGAGAGAATTTCACCATGAAAAATTCAGGTAGTTCATGACTAT
CAGAGCAAACAAGTACATTAAATTGAAACTTTTATGAAAATAACATTTATGAAATAGGAAGCTATTTTTA
AACTAGAAGTGATATATTAGCATATAATTTATAATTCATATACAAGTGGGATTGATTTATAAATGGTCAC
CAACAGAGATTGTGCTATTTAATTTGGGAAAATTTTTTAAATTTACATTTTCTCACAACTTTTAAGGTAG
TTATTCAGTTTGTTCCTCTCTGTCTCTTCTCTCATGCCCTGAATTTTTCATATTTCGTTTAGTTGTAAGA
GTGTATATCAAACCGTGTGTCACATGACATAACTTGAATTTTCGTCGTGATATCTGTGCTATGTCTAGGT
CTATACTGAGGAACTGTGGGAACCCCACAGAATCCAAGTATACAGTGCCACTGATTTCTTACAAGGGATG
TGGGGTCTCCTGTAAACTCTGCAGTTAGTCTCAAGTAAGACCAAAGAGTAAAATATTGTTAGGATCTAAG
GTGGAAATTCAGCAAAGAATCACATAGTCTAAGTCTCGAGTTTAACAGTAAGATAATTTGAGATACTTTT
GTAATTATTAAACACAAAGTAATGAGAGATTTTAAAACAAACAAATACACCTGAATTTATATATCAGAAT
AGGTATGGTGGTTCAAAATAGCTATCTAATAAAAACCACACTCCTATTCTAAACATTTGCCTTTGATCAA
AATAATTTTGGGTCTCTTATTATGAAATTGCCTTTCTAAATAATACATAAATTTCTTCTCATAAGTATAT
ATTAGCCACATTATTTTATTGTTATTGTTTTATATTCATAGCTTGCTTTAGATTAAAAATTATATTACCC
AGACTGGTCTCTTGGACTTGCTTCCAAGTGACTTTTGACTGTATCACAAAATCAAATTCACTCTGAAAAT
ATAAAGATTTTTCATCATAATTTCCTTTGTTAACAGCCAAGTGCTACCTAATTTTAGGTGTTTTCATTAA
AAAAAAATGCATTGCAAACTTTAAAGACAATTCTTTTGTTTGTTTGTTTTTAAAAGACAGAGTCTCACTC
TGTTGCCCAGGCTAGAGTGCAGTGACACAATCATAACTCACTGCAACCTCCACCTCCTGGGCTCAAGTGA
GCCTTCCATCTTGCCTCACGAGTAGCTGGGTCTTCAGGTGTACAGGTGTGTACCACCATGCCTGGCTAAC
TTTTTTTTTTTTTAAGTTATATAGAGACAGTATCTCACTATGTTGCCCAGGCTGCTCTTGGAGCTCCTGG
CCTCAAGTTATCCTCCCACTCAGTCTCCCAAAGTGCTGGGATTACAGGCGTAAGCCACCTCACCCTGTCA
GCCTAAAGACAGTGCTTAATGAAGAGAAATATAAGTGCTTTGAGCAATGGAAGTATAATTAAAATTATAC
TATGAAAGATTTATAAAGATGACCATTTTGAATGGGACCACACTTATTTGGTTATATAAATTATGATACA
CTATTAAAAATTCATCATGATGATTTTGTATTTACATTTTATTTACATGTTTGCAATTTGTGAGGAAAGC
TAAAATTATGGCTAAGCCATAAATATTTTTGCAGTTTGTTGAGGGTGTTTGTAAAAGTGTTGCCAAGGAA
GACCAGTTGGCTACCCAAACAAGGGTTTAGTCTAGGTCTGATCAATACATACACATTATCTCAGGTTTGT
CTATCAGAAAAACCTTAGGTTATCCAAATCAAAATAAAATAGATGCATAAAACAAAGGCCAATATGTGTT
GAACAATTATATTGTGATATACAACTGCCAAGCATTCCCGATTACCATGACTCCATTTAGTCAGTCCATG
GGCAAATGCCATCAATGAGGACAGCCCAGGGTTTCCATATTCTCTCTTGGCTTTACATCCTATAGGAATT
GGAGGGGCCCACCTCTGGGATAGGAGCCCTTCTGTCTTGAACAATGTTGTCTGAACACTAACAAATGTTG
ACTTTCTACACCAGTCCCTCAATAGTCTTTTCTATTTATCCTTTTGCTGACCATGTTTTGTTATTACACA
GTTGAGATTTTTCAGCTGGGAATCTGTGTTAATTTTGTATTAATTTTGATTAGCTTAACTCTCAGAGTTC
TAAAAGTACCTCCTGTACCTGATATATGACAAAAATTATAATTACATTTATTTATATATAAAATATCTTT
GTATATGTAAAATATCTTTGTATATATAATTATATAATTGTTTCTTTTAATTTTGCAAATTTTAAAAAGT
TCTCCTTTGTTTTGAAGTTTATTCCTATAGTTTTTTATATGCTAGTTAAATTATTAATCACTTGATTCAA
GTAATATTCTTATATACTTATAAGGAATAGTGTAGTTTTAATATTTAATTCCTTGCTAAAGAGAGAAGTG
GAATCTATTTTTCTTAGCTACTTCATCAATATTTTATGTTTGATGTGACAGTCAAAATATCCCTCAGAGC
TAACTGTTACACTAGGGAAATCACGGTTTTCCAGTTTTCCATTTATGTGTTATGGGAGGGAGTGGAACTT
AGTGTAATAATATTCAATACATAAATGTTAACACTTGTTTAAAGGTCCTTGAGTGAGTACTGCTATAAAA
TGCATTATTATTGCTAGTGTCATTTCACAAGAGCCTATAATTTCAGTGTGATAGAGCTACAATATAAGTA
TAGTATTGCAAAACCATCAGGAAGGGTGTTAACTATTTAGCATGCAGTTATGTGTTGGTTGTCAAAACGT
TAAAAACATCTCTGACTCAGCAGCAATTTTGGCAATTTTGATCCTGAGGCATCTGTGTAGGGCATCTTCC
TGGAGAAAAACCTCTGAGATGCAATGAGGTCAAAAGGGGAAAACAGACTATGATAAAGATCAAGTTGTTT
GGAGATCTTGTAGAAAGATTAATTTACAAATATGTCAAGTGCATTATCATGGAGGAAAACATTGCTATTT
CTGTTGGTTCTCTTCAGAGCTCTAGAATCAATTTACCACATAGTTGTTTCAGTGTGAAATTAGCATTACA
GAGTGGCTTTACGGCTTTACTGTAGGGCATTGTGTCAGCAAAGAGCTTAGGCTTCTTTTAGCAAGAAGCT
TGTAAAAATTTAATTTACTCTTAGATTGCTTGATGTAGAGAATTACATTCCTACAGAGCTCTGAAAAATC
TTTTTTCAGAGTTTTTCACAGCTGTATTCAAGTTGCAAGGCTTGTCAACTTTGCTATTTTTCTGTGCAGC
TCTGTTAACTTATTATTATCTTTTGACATAAATTATGATTCCAAATTGTAAAGCTCTGGATGTCAGGGCC
TTTTCTAATTTGTTTAGTATGATATTCAGACCATTTCAAGACTCTTCCGTGGAACAATTTAATAAAGATT
TTTTTGTGATGTTAATGAGTTCATGGTGATCAACCCTAGAGACCTGTGTCTATTGTAGATCGATGACATT
CAACAGTCCTGCAGTGCTGGCATCATTTTGATAAAAAGGGGTCAAAGCAAGTGGGACTGTGGGCAGATTT
TTAATGCTTAGAACAATTATTCCATCGAAGTTTTCTTGTGTCCCTTCTGCCTTAGCCTTTGTAGGATAGC
ATGCTTGCTAATTTCTTGCTCATGGGGTAAGGAAATGAAGATTTTTGCTAGGTCCGTAGGATTATTAGGA
CTACTCAGGCCTGAAGCTATGCCTGGATATAGCCAGAAAACTCTCCCATAGCTTGCTCCAAGGAGCTGAG
ATACAGCAGTACTTCCTTTGTAGGTCATGATTCTGGGTAACCTGGAAGATGACCTCATTCATATTCTGTA
TTCTATGTGAGACGTTAAGAAGGTAGAGGTGGCCAAGAAGGAAATTGTTGCTGCCTTTATGGAACAAATT
ATCTGAAACCCAGCTTTCTCGAGGGCTTCATTGAAGTACTCAACTGGGGCACTTAACCCAGTCTAAGGCT
GGTCAAGGAAGGCTTGCTGGGGGAAGTGTCTTTTGTATTCACACCTAAAGGAGGTTATTCAATTAGAATT
ATCCAAAGAGGGTAGGGATGGGCTAGGAAAAATTTAAACAGGTAGTGTGGAGGACTGACAGGATAAGTAA
GCATGGCACCTTCAAAATATCCTGAGAAGTTCCCTATGACGGGAACATAAAATATGTGACAGAGATTTGT
GGGAGATGGGTCTGGAAACTCTAGCAGGGGCCAGATCGTAAGGGGGCTTTGTAGGCTTTGTAGGCTTTGT
TTGGGCTTTATCATACTGGAAGTGAAAAGCCATGGCTTTTAAACAGGAGAGGGACATAATCAGTTCATAT
ACTGTTGCAGTTTTGTAAAAGAAAAGATGAGCTGAAAGAGTGGCCATGGTGGAGGTGGGTGGGGTGGGGG
GGAGGGGGCGGGGAGAGAGAGAGAGAGAGAGAGATTTGAAAGACATTTAGGAGGTAAAATCAACTGGTTT
GGTAATCAATTAGTAGTTGAAGGTGAAGGAAAGAGAAGAGTTAAGGATAACATCTATATTTGTTGATTTG
GATAATAGAGGGGACAGTGGTGCTGCTTATTGAATGAGAAAATTTAATCGGAGAAGAAGGCATGGAGCAG
GAGTGCAGACCTATGTGACTCTACTTCTCTCAAAACCAGAAACGGAAATGATGTATATGGCTCAGGGTTA
GGTAATATGGTTATTTGAAAATGTATTAAAGTGATTTAGAGCTTAGTCTTAGGTAAGAGATATAAGATGT
CTGAGGTGACAGTTTTATAAATATGTAGAGTGCCCACTTGTTTGGCCTTATTGTGGCATAGTGTGACCTG
AGAGTGTTAGGAAGAAGCAGCTGAGTTCTAGGGACAGTACTGGTTAAATTCTACTTAGAAATTATACTTA
GAACTCTCCTATATAACCTGCTAACTGATGTCTGAACCTCCTGATAACTTCACTCCTTTAGGCAGTGCTT
TTCACATCACGGGACACAACATATGAGAGATCATAGAAATTCAATGTGGTATGAAAATCTGCTTGGGACT
TCAGATATTGTCTCCAGTGATTGAATAAAAATAGGAGCTCACCTACTATGATGAGGTTTCTGTGTGTGTT
AAAAGAAGGTTTTCATTACTTTTGAAAAGGTTATGTATCCTTGTTTTATGTTAAAACTTTGAGCTTTGTT
AAATATGCAGAGTTCTCTTTCTTAGCATGGACTACAGAGGTGCAACTACCTCCTACCTGACTTCACATCT
ACTCCCAAATGCCTAGTGAAGGCTTAATAATTTCAAAAAGGGACTCTAGAATTTCATTTGATACCAGTCA
GACAAATGTGTGAAAATTAAGCATAATAGGCAGAATCCCAGGGGTACTGACAGCTGTATTAAGAGGTGAT
TCAAGGGCTAAACCTTAGAGTCCAGCATTGGTTATGGGTGTGACAAGAAAATGAAGCCTATGTTGGCTGG
GATTAGCAACCACAGTTCTAGAGGAAGCAAGGTGGAGAAACTATATAGGGGGCTCCCTTTGTACGTTTTA
TTTATTTTAAACATCTCTATAAACTCTAGAAATTAAAACAACAATACCAACACAAAAGCATCACTTTTTC
GACCAAAGACCATTGCTATACTTTTTTGTGTAAAGGGCTAGATAGTAAATATTTTCAGCTTTGTGGGCCA
CATAAGTCTCTGCAATAGACAATATGCAAACAAATAAGCATGGCTGTGTTTCAATTAAACTTTATTATGA
ACATTAAAATTTGAATTTCATATAACTTTTACATGTTGCAAAATATTCTTTATTTAAATTCTATTGCAAT
ATGCTTTAAAAGATACAGTTTTTAGTCTTTCTTAGTTTAAAATAAAATCTAGAAAAAATTTTAAGTCTTC
TATAACTTTTTTTCGGTAACTGAATAATTTTAAAAGTAAGTGAAACATTTAGACATGCAAAATGGACTTT
TCAGAAGAAGAAAATGGTAGCTTAACAGTTATTAGATTATTGTCCAGAATAATTTTTGACTTATAAGTCT
CTGTTGACCATTTCATTGCCTCTTTTTTTGGAATATGCATCTTTTAATGTGTCCTTCAAGGCAAAGGCTC
TATCTTATCTATCTTGTGTCTTGCATTTTCCCAGGGCAATGTTTTTCACAATTTTTTTAAAAAACAATAC
TGTAATCAATTTTCAAATAAAATTTTCCATGGGACCGCAGTGTATACAAATAGCAGTGACAATAAAAGAT
AATAACTCTCCCATAAATACAAAGAAACAGTTAACCTAGTGCTCTAAAGTAAAGGCTACAGTGATTTTGT
ATAACATTTATATGTAATTTTCTTGATCCTACATGGTTGTGTTTTTCACAGTGTTATGTTTCTGAAATCG
AGATGCCTTTTATAATTGATGTCAAAAGAAACTTGTCAGCCACAAGGCCCAGGAATAAGTTGTAATATGG
GAACTTAGCAATACATAAAGGTATATATACTCCTGTGACCTCAGCTGAATTATTTGCATTGGTTGCATCC
CACAAGGTTGACTCTTAAATAAATTTAGTTTGTTGCTTGAAATTTCTTGGGATAAATTACTTTGTGATGT
AGTTTTGAAAAAAAAACAGGTAATATTTAGTCTGAAGTTTGTCTGACATACTAAGCAATGTAATTAAAGT
AGAAGTCGCCTAAGCTCAGCACTTTATTATGCCTTGAAATTATACTGCCTGTCCTACAGGTGAAGGTGTT
ATGAATGCAGTTTGTCACTGTAACTCTATTCATAGCTCTGAAAGGCTGAGAGTGACTCAGAAGAATATTT
TTGCTCTGAATATGAAGAACGCTTAGACTAAAACTTTAATTACGATGCTGAAGAAGAAAGTGGTAGGTGA
TTGCATGAATAAGTATGTAATATTGTTAATTTCTAAAAACTGTGTATAGTTAATGTAGTGCTTCTTTTTG
GAAAGGCTATTGTTAAATTGATGGTAAATTCTATAACCAATATCACCTTAAAGCAAGTACGCATGATAAA
GTATTATAAAACCATGATAATATCATATGTGGCTTATTATTGTTCCCTGAGTGTTGTACAACTCTGTTAT
GCTGTGATGAAACCTCATGCAAACAGGTATGTCAAAGATATGATGGGCTGTTAACTGAGCTTGGCCCACA
TATGGTGTAGTGACATGCTCACTAATGCAGTGCAGAGATAACCAATAACAGATCATAACAGGTTTAAATA
TGTGCAAGGAGATGTCAGCAGAAGCTTTCCTACATAGTGAATACTAAACAAGCCTGACAGCCCAGGATCA
TGTTCGGATCAATCTAGTGTGCTAAAATTAACATATAGTCCTACATTTGAGAATGTGTGATTTTCTTGGT
TCCTGTCTATAAAATAATATTTTAAAATACATACATTTCAAATCAGAAGTTGGTGAATTCACTGAAATAT
TTCTAGAGAACACTAGGTATTGGGGCTCATAGTGTGAAAACCACTGACTTAATTCTTCCCCCATCTTGGT
TGTTCCTGATCTTCCCTTGTGTCCCCATTCCAGCCATTTGTATCCTTAGAAAATGATCTCATATTCTACT
TCATCTTTATCTTCATTGTCAACTGTCAGGTAGCAATATATGATGGAAGAAGCATGTACTTTGGAATCAG
ACAGACCTGGCTGGAATCCTAACTCTGTCACTTATTAACAATGTGATCTTAGGCAATTTACTTAATCTCT
CTGAACCTCAGCTACTCTCGTCAGTACAATGAGTTATCCTTATCTTTACATGGCACAGTATTATTATGAT
ATCAAAAATTCATTGAGTATTTACTCTGCATATTAGTCAAGGTTCTCCAGAGAAGTAGAACCAATGATAC
ACACACACACACACACACACACACACACACACACACACACAATTTATTATAAGGAATTGACTTACATGAT
TATGATGGCTAACAAGTCCAAAATCTGCAGTATGGGTCAGCTGGCAGGAAACCCAGGAGAGTCAATGTTC
CAGTTTGAGTCTGAAGGCAGTCTGTTGGGGAATTTCGTCCTTCTCTGGGAGGCCAGCCTTTTTGTTCTAT
ACAGGCCTTCAACCGATTGGATGAAGTTCACCTTTATTAGTGAGGGCAATCTGCTTTAACCAAAGTTTAC
TGATTTAAATGTTAATCTCATCCAAAAACACCCACCCAGTTGACACATAAAATTAACCATCACTCTCTGT
AAGCACTTTCTATGCATTAAGTGATAGCAAATAATGCCAGACATAGGGCGTCTTTAATAAATGGTAAGCA
CTGTTATCAGCAACAACAGGATTATTATAATTAGCACCTTTTCATCTTTCTGTCTGGGCTCTGAGAAAGT
ACCTCTCTTCTCTAAATTTATCCCTCCTTTCCTATGAATTAGACCCAGTGCTTTCTCTGAATTATGAAGG
TCACACTCCTACAAATGCCCCTTCCCAATTGCACATCTGTCGGCTTTCTTTGCCATTGACTTTTATCTCT
AGCTTTTAAATTTACAGGCATATGTCAGTTAACAATGGGAATGCGTTCTGGGTAATATGTCCTTAGGCAA
TTTTATCGTTGTGAGAATACTATAGAGTATACCTACACAAGCCTAGATGTCGTATAGCCTACTACACACC
TAGGCAATATGACATAGTCTTTTGCTTCTAGGCTACAAACCTGTACGGCTTGTTACTATACTGAATACTG
CAGGCAGTTGTGACACAGTGGTATTTGCATATCGGAACATGTCTAAACACAGAAAAGGTGCACTAAAAAT
ACTATGTAGTGATCTCATGGGACCACCATTGTATATGCAGTCTGCTGTAGACTGAAATGTCATGCAGTGC
ATAACTGTATCTTAAATACTCAAAGTATCACCTTTGTTTGTTTGTCCCCTTGTGTGCATCATCCTAACGT
GGAATTTCTCTGTTGATTAGGGCCAGCGTATTAGTTTGCTAGGGCTACCATAACAAAATACCACAAATTT
GGTGGCTTAAATAACAGGAATTTATTATCTTATGGTTTTGAAGACTAGAAGTACAAGATCAAGGTGTTGG
CAGGTTTTTCTTCTAAGGGCCATGAGGAAGAGTCTATTCCATGCCTTTCCCCTACCTTCTGGTGGTTTGC
TAGAAATCCTTGGCATTCCTTGACTTACAGAGGCATCACCCTGATCTCTGTTTTCATCTTCACATGGCAT
TCTCCCTGTGAGCCTGTCTCTGTGTCCAAACTTCTTTACTATTAATATAAGGACACCAGTCATATTGGAT
TAGGGTCTACTTTAGTGACCTCATTGGAATGTTATTACCTCTGTAAAGATCCTATCTCTAAATAAGGTCA
CATCCTTAGGTACCGGGGGTTAGGACTCAAACATACCTTTTTTTGGGGAAACACAATTCAACCTATAACA
ATTGATAACACTCTTTAGGAGCAGAATGCGATATGGAAGTAATTTGAGACCATAAAGTATATACATGTAG
GGAGTTAATCTATGAAACCTATTGAAAGCCATATATACCTCATGTATAGTGGTCCATAAATAGCATGGAG
ACATTGCAGAGGATGTTAAGTGATATGATACAGGAACAATCCAAGAAGGTCATAAGAAAAAGGACCTTTT
GCTCTTGAGAGGACTGAAGAATGACTTTCCATTTATGAAATTTTGGTACATGTCCACTAAAAATAGGATG
AAGGCCAAACTTAGGAAGAATATTTTGATAATGGAGAAGGTTGCATATAAAAACATTTTATTGAGGACAA
TTAAATAATGTTGGCTGGAAGTTTTAGGATGATCATCTTTAGGACTCAGAAAAAGAGAAGAAACATTATT
AAAGAATTGTCCCTGAACAAGTATAGGCACCCTCACATTTGCATTGCATTTACTATAGAATTGAAAAATG
TTTTGACCTTTTTTTTTTGGCTTTTAATATATTTGACCAAGAGTAACAGCTAAGCAATACCTATTTGCAA
TCAGTGTCATCATGTGGGCTCCAAACATATCATGTTTGTGTAATTAATTGATTGACCCATTAATTTGTTC
AATTTCTGCTCTGTTCCAGGCACTGAACAACATGATGGAGATAAAAGATAAATATTACACCTGCCTTGTC
CTCAAGAAGTTAGTCTTCTGAGGGAAAGAAATTAGCAAACAAATTGTAATCTCAGTTATGTGCCATGTTC
CATGCTGGGCACAGGGGATACAGTAGTTTAAAAAAAACACAAGATCTATAAGGTGTTTCTTCTTGTGGAC
CTTACAGTCTAGGGTGCTTGGAAACATGGGGCGTTGGCAGACAAGTAAATACACATTTTGTGGTAAAGGC
TCAGGTAGAAGAAGTACAGGATAGAATAGAGCACACCATGGGGAATTAATCTAGACTTCAGAGAGGCTCA
CACATACATAATTTATGTGTGACTATTTCAATGCATTTGAGGTTTCTTGGAAATAGAGGTTAGGTTTTAT
TTTAAGGAAGTTACCATTTTTTTTTTCAGTGTGATGTGGTTGAACCAAAGAATGCCATGCCCAGTGATGG
TAATAGGATAATCTTTTTAAAAATTAAGAGCCACCTAATAAATCAATAGTTTCATTCAGCGGGAGCTCCT
GCAGAGTTCAAAAAGAAGAGAATCTGGCACAGCGTTTCCTTTAAAGTTCATTTTCCTAGAGTGTGAATGG
AAGCAAGAGATTATAACATTTTGAGGTCAAAAAAATTCTGAAATGCCTATAAAAATTATTTTCTCCAAAT
TATCATCATTTGTGCTTTTAATGACCTGATTGCAAAGATGAACATTTTGAATTCTTAAATTGCTTATTAG
GATTGGTTAATGAATCAATTATCTATTACTGTATGTTTTGCTATTGGAAAAAATAGCAACTTAAGTGTTT
TGCAGACCTTTACTTAGGTATATGTTGCTTTTATGAAAAAAAAGATGTAAATATTAAGTAAAAGGGATTT
AAAGCAAGGCTTTTGAGGTAGAGTCTTATTAATTCCTTGGTAAACCTTGAGCCAATTGTTGTCTATGTTC
TCTGCCTCTGTCTTGCTCCTTCCTTCTGGGATTCACTGTGGGAATGCGGGATTGTTAATCTGGGGATGCT
GTCCAATCCTGCCTCTCTCAAGCTTTGCTATTGATCTCCCTCCCAGTGATAATAAAGCTTGAAGAAAATG
AAAGTAGCGTTAGTATTGGTCCTCAAACTCAAGAACAGGATGAAACTTAAATCTTGAGTCATACAATTGT
GTCTACATACTGCTCCCCAAAAAGAGAAGTAAAGAAGATGCTAACTTTCCCTTTTAATTTGCAGTACTTA
GCAATTTGTTTTCTTGAGGGTTAAGTAATAACAGTGGAAGAAAAAAGGGTTAAAATGCCACCAAGAACCC
AATTCCATGTTTAGTTTGAAAGTGGGAAATCAGCTGCCACTGGGAAGTCTGAATCCAATGCCATGATGTT
CTTTGAATCCTTCTGAGAAATAATCATGTGTAGCCATAACATACCTGTATAACAGAGCAGAGAACATAAA
CAAATGAAGGTGAAGGGAAGATTAAGACAGAAGAGAAAAATTCCAGAATCGACTGATCATTTTTATCTGT
TTAGATGATTTCAGGCAGAATCCTAGAGACCAACTTTATCACAACTGAATTTTAAAAATCACCAGCTTTG
TCATTGTGATGCAGCATCAGTTTCAGTATTATCCTTGGAGTATTAATTCTTAATCATCTTCATCTTAGAA
CATTTTTGAGGTCACTTCTAGTCTCTATTTCACCAGTGAAGAAACAAAAATCCCCAAACTATATCAGGTG
GAATTACACAGTATTTTTTTTTTAATTTTGGGGAAAGTCGATTCAAGGCAGTAACTTGCAAGCTAGTGTT
AGAAAGGATTTAATAAATAGTGGTTTTTCTGTACACATAGTGAGAGGTCATTACATCATTTGGTTGTTGA
AAGTCATAAGGATGTCTAGCATGCGCTTTGCCTGTAGTGGTTCATGCCAGGCAGATTCCTGACTCCTATA
ACCCAGAGCTTATCAGAGCATTTATGTCCCCAAAGAGAAATGTCACCTCCATCTTTCAATAAACACTTTA
GCAAAGAAAAATCAAGTACTTTAATTCCAAATCTTGAGTTAATTCCAGAATAACAATGATGGCTCGGAAA
AATATGGGTATTTCTGTCAAAGGACAGAGAAACCTAGTAGAGAGTATTTACTTTGGGTCCTAGTGATGGT
ATCTGAACAAGCTAGGTGAACAAAGAGCCTCAATAAGGGATTTTGAGGTCTAGAAAAAGAGAGGAAATAC
CAAATAAATGGAATAATTATAAAATAAATACCAGCAAAGTTAAATCAATATATCATGTGGGAGATATCCT
TATATCACTCATGTGATTTCTATTTTGTTCCTATATTAGGCCAAGGAGAGGTGGAACTTGTTTTCCTTTT
TCCCTCTCAGCTACGAATGGACATACTTAAAACTGTTTCTCTGCTTCTGTTCTCTAAAATGTGATTGTCT
AACAGTAACCGTGATGACGTTTTGACAGTTGCACAAGTTTCTTTCTTTAAGCTTTAAAAATGCCAGCCAG
TAACCCAGTGGCATTTCTACTATAAAATCTTAAGGCCAATCCATTTCCCCTTTTCCTTATTTTCTTGGTT
TCAAATATATTTTTATTGCCAATGGAAATAAAAATCCTAAATTAGAGAGCAATGGCATCCCTTGTCTTGT
GAATAAAGAGCTCCTAAATGTGAACTTATACAGGATGCAGCAATTTATAGGGTAGTTAATCATTCTTCTT
TCTAGCCAGTTGTTCCAGCTACAGTTTTGTGGCTCTTGTTAGTGGCTTCATTCCCAGATAGAATAAAAAT
CAAACCAAAATCCTGGAAAGGCACTCTGAGGATGCTTCTCTAAAGTAGATGGGCATCAACTATAAATCAC
AATGCTTTGTTTCCTCTGTTATGTTTCAAGATGGGTGGGATTTTTTTTGTAGCATTACTTATTATTGCCT
CTCAAGTGCTTGAGTCTTTGAAATCCAAGTCATGTGAGTGAATTAGATACAGCTGTTAGAAGTGGCCTTT
CAATGCCAATGGTACACATTCCTTGGTTTCTTTACGATACTATTGCTCTTACAACTTTTATCTGAAGTCA
TAAATTCATAGTTGTCCCAGAAGTTAAGTTCCTTGCTTCTAGAGGACAGAAAACAAACAATTTACACAAC
TCATGGTGCATGTCACCAGTCCTTAGATCTCATGAAATATGCATGAAATCTTAAATCACTTGCTGTAGCC
ACCCAGCCATTGACATATTTGAAAGACTTTAGTGTATCAAAGTCACTATAATGAAAATTTTGATTTCACC
AGTTCTAGGAGTGAAAAATCAAATGTTTAGTAAAACTTTCTAAAATTAACACTGACAGTTGATTTCTGTA
TACTGTTGTTCTTAATAATAGCTTTATTGAGATATAATTCATATTCAAAACAACTTACCCATTTAAAGCA
TACAATCCAATGATTTTTTAGTATCTTCAAAGAGTTGCCTATCACCATAACCAATTTTAGAACACTTTCA
TCACTGTAAAAAGAAACTCCATTCCTATTAGCAGTCATTCCTTATTCCAAATCCCCCTGCTCGCCCTAGA
CAACTACAAATGTACTTTCCATCTCTATAGATTTGCCTGTTCTGGAAATTTTATGTAAATAGAACAAAGT
GTTCTTTTGTGACTGGCTTATTTCACTTAGCATTTTTTTTCAAAGATTCATCCCTGTTGTAGCGTGTATC
AGTGCATCATTCTTTTTTATTTTTTTAGAGACAGGGCCTTGCTCTGTTGCCCAGGTTGGAATGTGCAGTG
GCATGATCATGGGTCACTATAGCTTTGAAGTCATAGGCGAAAGCGGTCCTCCCACCTCAGTCTCCCGAGT
AGCTGAGACTACAGGCTTGCACCACATGACTGTCTAATTTATAATTTTCTTTAGAGACAGGGTCTTGTTA
TGTTGTCTAGGCTGCTCTCAAACTCCAGGGCTCAAGTGGTCCTCCTCCCACAGCATCCTAAAGTGCTGGG
ATTATAGGTGTGAGCCACAGCACCTGGCTTGCATCATTCTTTTTATTGTTGAATAATATCCCACTTGTAA
GAATATGTATTTTATTTATCCTTTCCCCAGTTAATAGATATTTCGATTGTTCCTAATTCTTGTCTATTAT
AAATAATGGTGCTATGAACATTTGTGTACAAGTTTTTGTGCAGACATCCATTTTCCTTTCTTTTGGGCAT
ATACCTACGAGTGTAATGGATGGGCCATATAGTAACTTTATGTTTAATATTTTGAGGATTTTTCAAACTG
TTTTCCAAAGTGGCTGCATCATTTTAAATTCCTTCCACCATTGTGTGAGTGTTTCAATTTCTCCACATAT
TTGCAACACTTACTATTATCTACTCTTAAAAATTACAGCCATCCTACTGGGCATGAAGTGGTATTTCATT
GTGAGTTTTTTTTTTCTTTTTCTTTTTTTCTTTTTTTGCTAATGTTTGTGGATTTTCTTTTCATTTTCTT
GATGGTGTCCTTTGAAGCACAAAAGTATTTAATTTTGATAATTTCCAATTTATTTTTTGTTATTGCTGTT
TGTGCTTCTGGTGTTGTATCTAAGTGTATGCTACTTTAAAAAATTAGTTGTAATATGGCAAATTGGATAC
ATGTGTAGGCTTTGGTGTCACAATCCTAATTTTAAAATTCTGACTCTGCCCTTGACAAATTAACTAATTA
AGCTTCCTTAGCCTCAGTTTCTCAACTGTAAGTTGGAGATATTACCAAGACCTACCTCTTGAATTGTTGT
GGGGATCAGATGAAATAATGTATGTGAAATATTTAGAATTATGCAAGTCTGTGGTAATGAATACTAATGT
TAGCTATCATTATTGTTATAATCCCAATAATAAATTCTGGTGCTTTGAAAATTAAACCAAAGCCAAGCAG
TTGATATGAAGAAGCATGTAATAATGTACAGACATAATGCTTTATAGACAACATTGAATTTGGCTCTCAT
GAACATCAGGAATAGTGGTCATGGTAGTTATTATCTCCAGCAGGAACTGTAGCTGAGAGATCTTCAGAGC
TTTTTCCAAGGCGATATCACTGGGAAATAATAGAGACAAGGTTACAAGCTAGGGCTGTGTTTTCTTCTTA
AAATCTTTAGTTCAGTTTTTTTCAATAACAGATTTGTAGTAGGCATCAGGTGACTGGGGATTCGTATTCT
TCAAGTTGAAATATTACCTTGTTGAGAAAGAAACCATGTGTGAGACAACCATGTTGAGAAAGAAAAAGTG
ATTTTATAGAAAATTAATATTGATAGTGAGCATTATATGAAAATCATGAAGTTAGAACATATTTGGCCAG
AAAATTTACATTAATAGTTACCCATAGCAATTAATGCATTATAATTACACATACCTTTTCTTTAATGAAA
AAGAATTCTTTCCTTCCAAAGTTATGCATGCTATTGTTAAACATTAGAGAATATAGAGAAGCAAAAAAGA
AAATATCTTTTTTGATATTTTCTTAACATACGTCTGTTCCTAATAATGTTTATAGTTTAGAAGCATTGCA
TGAAATGGGTAGATCAATTTTCTATTTAATGTTTGGATTCATTAGGTACGAAGTTAGCAAATTAATTTCC
ATTAGGGTGCCTGTATGGTTGTAAATCCTGGACCTGCAGAAGATTTTTCAGTATTGGTTTGTAGTCTTTT
GTTTAGCAGCAAATAATTAGTTCTCCAGAGCTTCTGAAATTAATTGACCACTTTAATGGTGTTTACCTAC
CTAGAGAAAGAAAAAGAACTTCTCCAAGTCCCTTGGTAAAATTAAGCCTCATGAACAATTAACTCAAATA
TACACAAGGCTTGTCTTTAGCGAGCATATACTCCCTAAAGTTGATTAAGCTGACCAAGTGATTACTGCTT
ATAAATTCACCATTTTATGGAGAAGAAGCAAACACTGCTAAATACCTTGTGGAATCAGAGGAGGGGAAAT
TAGTAACTTGACCCCAATACTGCGATTTTAAATTGAATTCTTGAAGCCTACAAGTTTTACACAGGACTTT
AGAGAGCTGGATAGTATCACTTTGTCAAGTCCTACTTTTACTATGATTCTTTGAGAAAAATACATCTGAC
TAAATAACTCTGAATCTAAATTGGATAAAATAAATGTGACATTCAAAATGTTATTTATGATTTTAGAAAA
ATATCCTTATAGACACTAGATGAGTTTTAGTCTCAAATCAATCCTCCCTATCATAGTCACTTATCAAAAT
AACTAAAGCAAAGTGGTAGAGCTGTGCTCTAGAAGTTTGGGATTTATGATCACAATCTTTTCCAATGAGT
CCCCTCTTTCCTCTGCCTGTCTTCAACATTTGTTTTTTTTTTTTTTTGGTTAGGACTATCCAGATTGTGT
GGCCTATTTCAAACTCATGGCAAATACATTGGATGATCAGAAATTTTCTAATGTATTTGAATTTGTCTAC
ACAAACTAGAGTAATTGCTATTAATTCCTCAAGTGTTAATTATTTCATGCAAAAAGGAAAAAGGCTATTA
GTCTTTAAGTGTATTAGTATGTCAATATTTGGGAGAAGTGTCATGCAATTAGTGGTTTGAATTTCCTATT
TTATTTTATTGCATTTTATTTTATTTGCCTAGTCAAATAAAAAGTAATGTTAAATACATGGAAGCATGAT
TGTTTTCTACACTAAAAATCATTTTGACTTGAAAAGATCTGATATCCATGACCTTCATCTGAAGTTTTGG
CAGATGAAAATGTCAGATGCGTCTTTTGGATTAATAAAAGGCAAAAGTCAGATCGAAAAATGAGTATAAG
CTTTAATTATATGACTTTAGGAGGATATGTTATGAAAATCAAAGCTTTAATAGTGATTATAATTGGCAAG
TTCTTTTTTTATAAGGAATTACAAGTCACTCTATACAAAAATTGGAATTTTTGTCCTAAGAAATGAAATT
TACTATAGTTTCATCTGTGTGTGTGTGTGTGTGTGTGTGTGTGTGTGTTTAAAAAATCAAGTGATAGGGC
TTTTCCTCAATAAAATCTGAAATCTCTTATAGTTAAGTGAACAGAACAGTGTATCTAGGATGCTAGACTT
TTTTTTCAAAGTTAGTTTAAAACTTATACATAGTAAAATCTGTATGCCTTAGGGATCTCTGTTTGCTATC
CCATAGTGAATGATTAATTAGTTTCTGTTAGAAATAGTCAGAACTAGGCTGGGTGTGGTGGTGGCTCATG
CCTGTAATTCCAGGACTTTGGGAGGCCAAGGCAGGAGGATCTCTTAAGCCCAGGAATTTGCAACCAGCTT
GGGCAGGCTGGTGAGATCCTATCTCTACAAAAACAAACAAACAAACAAAGGACAATAAGAAAGAAAGAAA
TAGCCAGAGCTTTGAACAAAATTTCTAAGTAGACCAATGTAAAAGTCTGTCGTCAATATGTAGTGGCTAT
GAATGGAGGTTATGAATGAAAGAGAAGGATAAGATGAACTAGAGGTGAGAGGGGAAGACAGCAGGCCCAA
GTGAAAGGCAGAGCCGAGTTTATTGCTTTTTGGTTATTCCAGGTGTGTCTGCTTTGTCTCATGAAACACC
TGGATGATCACTGATTTCTAGTGGAAGAAATGCTGAAAAGTCCTTACTGTGCATTTAAACATTCTAGGTT
TAATATACTCAGGGTTTTTCAAAAGAAAGGGTGGCTGGAGTTTTGCACTAACTAATATTTCATAAAGTGT
CTAAGTATAGATGTCTGGTTTTTTTTTGTATTTCTAAGACTGGCTTGAGGTAGGCATGGAGAATTCTTTG
ATGGGACATAATTTTCTTCCTTTCTTTTTTTTTTTTTTTTTTTTTTTTTGAGACGGAGTTTTGCTCTTGT
TGCCCAGGCTGGAGTGCAATGGCACAATCTCGGCTCACTGCAACCTCCGCCTCCCAGGTTCAAGCAATTC
TCCCACCTCAGCCTCCCGCGTAGCTGGGATTACAGGCATGTGCCCCCATGCCTGGCTAATTTTTTTTGTA
TTTTTAGTAGAGATGGGGTTTCTCCATGTTGGTCAGGCTGGTCTCGAACTCCTTACCTCAGGTGATCCAC
CCACCTCGGCCTCCCAAAGTGCTGGGATTACAGGCGTGAGCCACCGCGCCTGGCCTGATGGGACATATTT
TTCATTCAATTTTATTGATTTAACCTCACAAAATAAAATATTTCCTTAAGATGACTCTGTGGTCATTGTT
GGGCAGCATAAGCTTAATGGATTTTAGTTATCATAATTTACCTTAAACCCAATTTGTATTTCAGGATATA
AATAGAGGTTTATTGTAGTGAATCTTCCAGGAAATACTAAGTGATACTAATAATTATAGATGGTGAACTT
AAGTCTTTATATTACTGAATTTGTTTGGTTTGATGATGCTAGGCTATGGCATTCTTGCTAATCAAAACGA
TGTGTCATGGTGTAACATAACTTATTAAAATGGGCACAGATAACACAGGAAGCTTTTTATAAAAGCAGCT
CACAAATTGTGTTACTTTGAACTGAACTGGCCATTTATGGGAAAGGTCACTGGGTTGTAAATAAGGACCA
AAAGAGTTACGTTTATATTTTTTAAAAGAGATTGAGGAGATTTATTTTTACATTTCTTGAAAATGCCTTA
TTTTGGTATGGTATTGACAGATAGTGAAATTCTGCTCATTTGTAAATATAGTGTCATATTTTAATAATTT
CAAACATATTGAAAATGCAGAATTTATTAATAGTGGGAGCACATTTTCCTTTTTACTAAATGTTCTACAG
GTTCTTTTCTTTCCATCCACACACAGTGCCATTACCCTCATTCTAAGCCTTTCAAACATCTGGCAGTAAG
TGATCTGCTGCACTTAGCTCTTTCCAGCTGAGCTGATTTTTAAATTTTCAGAAAATTTGTGAGCTAATTG
TTAAACATGGCCATTATTAAAAATTAAATTATTTCAACTTATAATTAAATAAATTATATTAAAACAAAAG
TATTAAAAACTCAAAAGTTGGCTGGGCGCACTGGCTCACGTCTGTAATCCCAGCACTTTGGGAGACCGAG
GCAGGTGGATTGCCTGAAGTCAGGGGTTCGAGACCAACCTGACCAACATGGAGAAACCCTGTCTCTACTA
AAAATATAAAAAAATAGCCGGGCATGGTGGTGCATGCCTGTAATCCCAGCTACTCAGGAGGCTGAGGCAG
GAGAATTGCTTGAACCCAGGAGGTGGAGGTTGTGGTGAGCTGAGATTGCGCCATTGCGCTCCAGCCTGGG
CAACAAGAGTGAAACTCTGTCTCAAAAAAAAAAAAAAAAAAAAAAAAGAAACAAAAAAAAAAAAAAAACA
AAAAGCAAACAAACAAAAAAACAAAAATTATCACTTCCTAATTATTTTGCATTTTACTATTATCTATGCT
ATTAACGTTATTTGCCTTCATTGTATTTGAAAGGTGGACTATATTCTATTGCACTTTCATTGTACTATAT
TCTAATATGCAACTGTGTATCCCTTCCCAACTCTGTGTTCAATGACTTTATATTTGGTTGCTTTAAAATG
ATGACGATGAGAGTATTTATATCATAGAAATTGGCAAATGCCGTAAGTCAGTTTTTGTTTTTGTTTTTGT
TTTCCGGAGAGGGGATTGTTAAATATTTGCCTGCATGCAACACCACTACATGCAGTCTGCTATCTTTTGT
TCTTCCTGCTTTCAGGCTCCTCTCCCAGCTGTCTGTCTAGCACAACCCAGCATACCAAATTTTCTTAAAT
AGGGAAAGTTGAACATGGTAAAAGAATGAATGAAGTCAAAAGAATGTGGAAAGACCTAGGCTTTGCCATT
TAGTAAAGTTTAGCATCTCTAAGCCTCCATCTCTTTATCAATAAAATTGAGCAATGATCCCTTTTAGTTC
TACCCATTTAAGAAGATTTTCAAATGAAAACCACAACCTGCTCATGTTTATGAAGGCACTTTGGAAAGCG
CTAAATACACGGGTTTTTATTAGTAGTAAACACTTACTTCACCTTTTTCACTTCTTGACTTTAGTTTACA
AGGGCTCATAATCTAAATTATATCATAAATTGCTGTCCCAGATTTTTTTACAGCCTAATTGCCACCTGTA
TGTTCGACTTTCCTTCTGTTCTTTATGTTAGATACTGGGATAGTATGCACCAGGTGGGTGTGCCATCACT
TTCTCAGATGATGTCCACTGAAGACCTTGCATGATCATGGCATTCATTTTCCTGCTGTATTCAGACTGGC
CTCAACTATTTTCTTTATTGCTCTCCAGGAAAAATTACAAATGAATCAGACTGGGCAATGAAGGGTAAAC
CTAATTATCGCTCTTTGTTAAAGACAGCTCTTGTTAAAATGCGGATATTGCAAATTAATGGAAAAAATAT
GACATAGTAAACCATACTCACTTATTAATATCTTAGTAAGGAATAATTGATGAAGTTACTTAACCTTAGA
GCCCTAATTCAGTTAAGTTTTAATGAAGGACAAGTTGTAGAGATATCGAGAACCCAGGGCAGGTGCCTAC
TGAAGAAGTTCCAGACCAAGGAAGTATAAAGAAGGACCTGGGTGGGAGCAGTGAGATTGGATATGAGGGC
CACTGGCAAAGTTTTGCCCCAGAACAGTGTCAAAATGTTTGCATTTGGCATAGCCCTTTCTCTTTTTGTT
CTGAATGGCTTTGCTAGAATATCTTTTCTATAATGAATTTATCCTGCTTCTCAGATATTGCTAAAGCACT
CCCTTTTGAATTTTGGTGCTTTAACATGCATTTTGATACATTACCAAATAAGGTCTGAATGACACAAATT
TTAGAACTCTCCAGAGAAAAGAAAGATGCTGAGGGAAAAAGCATAGGTTTGGGACTCACTAAATCCCAGT
TCAATTCCTTTCTTTAATAAATATATTCAATTTTACCTGAGAAAGCTCTCGTGCTCTCGAATTTTATTTA
GAAATTTCTCTTTGTACATGATTGATTTCACAATCCTTCTTCTGCCTCCTCTTCTACTTTCTTCTTTCTA
GATTTTCCTATCTTTATGAAGATTATTCTGCCTTATCCTCAACAGTTAGAAACAATATTTTTGAAAATCA
CTACGGTATCCTGCATAGTGATTTCCCATGCCAACTTTACTAATTTCCATTATAAATTATTATTTATTGA
TGCCTAGAGGGCAGATGAGTGTAGCTGCTATGGAGTGAGGAGACAAAACATAAGAAAGTTATGATCCTAC
CCTCAGGTAATGATTCAGACATGATAATTAAGTCAACAAATTGATAGAAACTAATCACTAACTCTCTGGC
TATAGTCATTCTTTCAATGAATAGCTCATTACTGAGTATGCATGCTACAGTAACAAAATTATATAAGGCT
GTTGATTAAATGTTGATTAAGTGCATGTCTTATTCAGAGTTTTTTTATATTTGAAATGGAAGAGGCTGGA
CTTCAGTAATTTGCTATAAACTGCTAGTATATGATTATTTGGGGGCAGTTATTTTTTAAAGAATAATTTA
AATATGGAATGTTTAGCAGTTTGTTTTTTCCCTGGGAAAAACCATACTATTATTCCCTCCCAATCCCTTT
GACAAAGTGACAGTCACATTAGTTCAGAGATATTGATGTTTTATACAGGTGTAGCCTGTAAGAGATGAAG
CCTGGTATTTATAGAAATTGACTTATTTTATTCTCATATTTACATGTGCATAATTTTCCATATGCCAGAA
AAGTTGAATAGTATCAGATTCCAAATCTGTATGGAGACCAAATCAAGTGAATATCTGTTCCTCCTCTCTT
TATTTTAGCTGGACCAGACCAATTTTGAGGAAAGGATACAGACAGCGCCTGGAATTGTCAGACATATACC
AAATCCCTTCTGTTGATTCTGCTGACAATCTATCTGAAAAATTGGAAAGGTATGTTCATGTACATTGTTT
AGTTGAAGAGAGAAATTCATATTATTAATTATTTAGAGAAGAGAAAGCAAACATATTATAAGTTTAATTC
TTATATTTAAAAATAGGAGCCAAGTATGGTGGCTAATGCCTGTAATCCCAACTATTTGGGAGGCCAAGAT
GAGAGGATTGCTTGAGACCAGGAGTTTGATACCAGCCTGGGCAACATAGCAAGATGTTATCTCTACACAA
AATAAAAAAGTTAGCTGGGAATGGTAGTGCATGCTTGTATTCCCAGCTACTCAGGAGGCTGAAGCAGGAG
GGTTACTTGAGCCCAGGAGTTTGAGGTTGCAGTGAGCTATGATTGTGCCACTGCACTCCAGCTTGGGTGA
CACAGCAAAACCCTCTCTCTCTAAAAAAAAAAAAAAAAAGGAACATCTCATTTTCACACTGAAATGTTGA
CTGAAATCATTAAACAATAAAATCATAAAAGAAAAATAATCAGTTTCCTAAGAAATGATTTTTTTTCCTG
AAAAATACACATTTGGTTTCAGAGAATTTGTCTTATTAGAGACCATGAGATGGATTTTGTGAAAACTAAA
GTAACACCATTATGAAGTAAATCGTGTATATTTGCTTTCAAAACCTTTATATTTGAATACAAATGTACTC
CCTGGGAAGTCTTAAGGTAATGGCTACTGGTTATCAAACAAATGTAAAAATTGTATATTTTTGAGTACCT
GTTACATGCCAGGTAGAATATCTCCTCTCAGCCACTCTGAGTGGAAAGCATCATTATCTCTATTTTACAG
AAAAGCAAACTGAGGCTCAGAGAGATAATATACTTTGCCAGTTAATGAATGATGGAGCCATGATTCCAGC
TGAGGTCTGTATTGCCTTGCTCTCTAGGAATGGTAGTCCCCCCCATAAAGAATCTCTCAGTTTCCTTTCC
AATCAAAAGGTTAGGATCCTTTTGATTGCCAGTGACAGAAACCCAATTTACTAGCTTAAGTAAATAAAAG
GAACGAATTTATTGGCTCATGAAGCCTGAACTATGTGAAGACCTAGGTGGAGAACTGGCCTTAGGAACTC
AATGGGACCAAGGACTCAAATGCCACCTGGTGGCATTTGCCTTATGCTGGTTTTATTTTCTCAGACCGGA
CCAGCTTTCTACATAAAGTGGGTCCCTGGTTAGAACTCTTTGCTCCTATCTTTAAGGACCACGAAAGAAG
GAGCCCTTTGTCCTTGGCTAAATGTGAAAAATCCCAGAGACTCTTGAGTCATAGTGCTTACCCCTTGGGC
CACTCATAGTCTAGAATGAACTAGGCTGAGTCTCGTGCCAACAGCACAGGCCTGATGCCAGATAAAAGGG
TGAGTGAAGGGGGATAAAAAATAAGACATAGCTACTAAATTATTGCACCAAAGTAAAAACATTGAGTTGA
CTTGCAATTTGTTTCTTTTAATTAAATTCATTTCCTTTTTTTGGCATTTTGAAGGCAAAGTAAGATATTA
AACTTTATTTTTATTGATTTTATTCAAAGAATTAAGCTAGTGGGAGTAGCAGATTCACACTTCTAAGATC
AAGGGCCAGCTTCTATTATTGAACACTTGGTGTGTGCAAATGCCATGAGGTAGGGATACTTTGTTTTGTT
TTTTATTTTTTATTGGGTTCGATCTCTTTTGTTTATGATGTATCCCCAAGTGCCTAGAATAGGGCCTGGC
ATATGGTATATACTCAATAAATATTTGTTGAATGAATCCATGATGGAATGTGAAATGGCTAGCATTACAT
AGAAACCTGTAGCATTGCTGGAGAGATAAAATATATAAACATAATCCATTGCAGGTATATTGACAAGTTC
AAAATAATATAATGGGTATTGAATATCTAAATGTTTGTTGTTGTTGTTGCTGTTGTTTTTGAGACAGAGT
CTTGCTCTGTTGCCCAGGCTGGAGTGTAATGGTGCAATTTTGGCTCACTGCAAACTTCGTCTCCTGGGTT
CAAGTGATTCTCCTGCCTCAGCCTCTCGAGTAGCTGGGTTTACAGGCACTCGCCACAATGCCTGGCTAAT
TTTTGTATTTTAGTAGATGTGGAGTTTCGCCATGTTGGCCAGGCTGGTCTTGAACTCCTGACCTCAAGTG
ATCTGCCCACCTTGGCCTCCCAAAATGCTGGGATTATAGGTGTGAGCCACTATGCCCAGCTTTGAATATC
TAAGTTTTAATTGGATGCTGAGGGAATGATTAATCAGAGTAGGGCTGGGTTAATTGAAAAATGTGATACA
TTTGTATTTATGGCCAGATAGAGAACATGAATCTGAATTTGCAGAATTATCTGGCTTAACATTTTTTTCT
TTCCAGTTTTCACTGTATCCCCCATGTTGATTCAATTTAAAAAATATACCTATTTTACTTCAATTCAACA
ATGCTATGCCAGTACAAACCCATACGTTCTATTATTTTTGTTTTGTTTTGTTTTTGTATCTCCACCCTGT
TACTTCTTTTCTTATAAAATTGGTATTTGAAATTTATTGAAATATTTTGGAAGAGTGACATACCATTTTT
GGTACTTTGTACCTCTGCACCCTTGGGAAGTGACCCTGGCTTCACATTTCATAACTGCCTTGTGACCATG
GCCCTCAAGTGGTTGCCAGATGGTTGAAGAACATTAACCTATCTGGCTCAATTTTGTGACCATGGATTGA
ATCCTCTACATAACTGCAGTGTGCAAACCACACATCCGTTCCAAGATTGTAGTCAGGATATGAACTTTTT
AAGAATAAAACTTCTTCCCTTCTGATCTGGGCCTGGTATGTGGTCCTACTAGAACCACATCACCTACTCT
TGGTGCTAACAATTTGTGGCACCAAGTTGTTCAAGTTTCACCCATTAAAGAAATTCCCCGACCTTGCCTT
CTCCTCAGGTAACTACCCCATTCTATTTTTTCTTTCATAGCTAACATTCTCTGCTCTCCTGGTCTCTCTA
CTTCACTTTCATTTACATCTCAGCTCCTGAAGTATGGTTTCCACCATGTTCCTAAAACTACATTGCCCAG
GGTCACTAGAGACCTCTTATGAAATATAACAACACCTTTCTACATTACTTCCGTGTGGACCACTTTTTCA
CATTGAACCCATTTTGTTGGTTTATGTACACACCCCTTCCTTGGCTTTCCCATCTGATCCATTTCTCCTT
TGATGGAGAAGGTGAGTCTGCTCCATATTTAGCTTCTTACTCTGAGTAACCAAATGTTATGGATGGGAGG
TTAGCTCTGTGTGTGAGAGAAAGGTGGAGAAGCATGTGGGGAGGGAAATAGATGGGAAAAGGTAATTAGG
CTTTATAGAAGGGCTCTCATTAGCAAGCTTCTAGGGGATGCCAAGATCCATGCTTAGAGATTGCCAGGCT
TGTCTTCAAATCTCAGCTGTGTATTACTCCTTTATGTTTTTTGTTTGTTTGTGTTGTTTGTTTTTGAGAC
AGAGTCTCGCTGTGTCACCCAGGCTGGAGTGTAGTGGTGTGATCTCAGCTCACTGCAAACTCTGCCTCCT
GGGTTCAAGCGAATCTCAGTCTCCTGAGTAGCTGGGACTACAGGCATGCACCACCAGGCCTGGCTAATTT
TTGTAGAGACGGGGTTTTGCTATGCTGGCCAGGCTGGTCTTGAACTCCTGACCTCAAGTGATCTGCCCGC
CTTGGCCTCCCAAAGTGTTGGGATTAGTGGCGTGAGCCACTGCCCCGGCCTATTACTCCTTTAGAGTGAT
TTAGAGCCATGTTTACTTATGGTAACTTGACAGTAATGGGAATAACCACTGATGAAACGTAAAGCCTTTG
TCTAATTGTTTACCTAGTTCTTCCTTGTGGTTCATGAAATTTTTCATCTCTGTACAGTTTGAAAATTAAG
ATGATAATATTTAGAGATATTTTATTCCTTTGTGAAGAGAAAAAAGGCTTTCATTAACAGAAATCAGTGG
CAATAACTTAATAAATACAATCAGCTGGTGTTCCTATAGTATTTAAAAGAAAACAGAAAGTTTACTAGAT
TTCAGCCAGTTTTCAGACTATTTAATGTCTATTCTTACTATAATAGAAAATATATAATTTGATCTTGTTC
TCATTTTTCAAAGACCTTTAATACATGATTTTAGTAGTTGAAAATGAAGTTTAATGATAGTTTATGCCTC
TACTTTTAAAAACAAAGTCTAACAGATTTTTCTCATGTTAAATCACAGAAAAAGCCACCTGACATTTTAA
CTTGTTTTTGATTTGACAGTGAAATCTTATAAATCTGCCACAGTTCTAAACCAATAAAGATCAAGGTATA
AGGGAAAAATGTAGAATGTTTGTGTGTTTATTTTTTCCACCTTGTTCTAAGCACAGCAATGAGCATTCGT
AAAAGCCTTACTTTATTTGTCCACCCTTTTCATTGTTTTTTAGAAGCCCAACACTTTTCTTTAACACATA
CAATGTGGCCTTTTCATGAAATCAATTCCCTGCACAGTGATATATGGCAGAGCATTGAATTCTGCCAAAT
ATCTGGCTGAGTGTTTGGTGTTGTATGGTCTCCATGAGATTTTGTCTCTATAATACTTGGGTTAATCTCC
TTGGATATACTTGTGTGAATCAAACTATGTTAAGGGAAATAGGACAACTAAAATATTTGCACATGCAACT
TATTGGTCCCACTTTTTATTCTTTTGCAGAGAATGGGATAGAGAGCTGGCTTCAAAGAAAAATCCTAAAC
TCATTAATGCCCTTCGGCGATGTTTTTTCTGGAGATTTATGTTCTATGGAATCTTTTTATATTTAGGGGT
AAGGATCTCATTTGTACATTCATTATGTATCACATAACTATATTCATTTTTGTGATTATGAAAAGACTAC
GAAATCTGGTGAATAGGTGTAAAAATATAAAGGATGAATCCAACTCCAAACACTAAGAAACCACCTAAAA
CTCTAGTAAGGATAAGTAAAAATCCTTTGGAACTAAAATGTCCTGGAACACGGGTGGCAATTTACAATCT
CAATGGGCTCAGCAAAATAAATTGCTTGCTTAAAAAATTATTTTCTGTTATGATTCCAAATCACATTATC
TTACTAGTACATGAGATTACTGGTGCCTTTATTTTGCTGTATTCAACAGGAGAGTGTCAGGAGACAATGT
CAGCAGAATTAGGTCAAATGCAGCTAATTACATATATGAATGTTTGTAATATTTTGAAATCATATCTGCA
TGGTGAATTGTTTCAAAGAAAAACACTAAAAATTTAAAGTATAGCAGCTTTAAATACTAAATAAATAATA
CTAAAAATTTAAAGTTCTCTTGCAATATATTTTCTTAATATCTTACATCTCATCAGTGTGAAAAGTTGCA
CACCTGAAAATCCAGGCTTTGTGGTGTTTAAGTGCCTTGTATGTTCCCCAGTTGCTGTCCAATGTGACTC
TGATTTATTATTTTCTACATCATGAAAGCATTATTTGAATCCTTGGTTGTAACCTATAAAAGGAGACAGA
TTCAAGACTTGTTTAATCTTCTTGTTAAAGCTGTGCACAATATTTGCTTTGGGGCGTTTACTTATCATAT
GGATTGACTTGTGTTTATATTGGTCTTTATGCCTCAGGGAGTTAAACAGTGTCTCCCAGAGAAATGCCAT
TTGTGTTACATTGCTTGAAAAATTTCAGTTCATACACCCCCATGAAAAATACATTTAAAACTTATCTTAA
CAAAGATGAGTACACTTAGGCCCAGAATGTTCTCTAATGCTCTTGATAATTTCCTAGAAGAAATTTTTCT
GACTTTTGAAATAATAGATCCATAATATATATTCTTATGGAAATCTGAAACCATTTGGGCATTTGGGGGT
AAAAAGTATTTTATTAGTAAATTTAAATGAGGTAGCTGGATAATTAAATTACTTTTAAGTTACCTTTGAG
ATGATTTTTCTCAATCAGAGCACCACCCAGAGCTTTGAGAAACAATTTTATTCACAGCTTCTGATTCTAT
TTGATGTAATTTTTAGAAAATAAGTTTTGCTGGTTGCTTTGAATCAGGGTATGGAGTACAGTTCACTCTG
ATCCTATCATATAAATCATGTAAGTATATAACATTTTCAATAAGTGATTGTTGGATTGAAGTGAATGATA
TTTCAAGTAATTGTTATGTCATGGCCAAGATTTCAGTGAAACTCAAAATTTCTCCTGGTTGTGTTCTCCA
TTGCATGCTGCTTCTATTGATTAACCTAAGCACTACTGAGTAGAAGCTGGAAGAGGGGTCTAATTAGAAG
GCCCCTTTCTATGCTCTGCTTGGCTTGTAAAATAATTTATTTCTCTAGATCCCACCAACATAGTAGTTTC
ATGTATGCAAAAACACCCACCTAAATGTCAAAGTTTGTATGATACATGGACATATCTATAGAATTTTTTT
TGGTCTGGTGCATGCCAAAAAATAAACATGATATAGAAGAATTTAATATTTATTGAGTACCTAATCTGTT
CCAGTTCAATATGAAGGTCTTTATGCAGATTATTTTACTTAATTTTCCTAGTAACTCCATGGAGCAAAAA
TTATCTCTAATTTATATAACAGGAAGTTGAGCGTGAGGCAAATTAAGTAACTTTCCCAAAGTTACACATA
TGGTAAGTTTGAGAGATATCCCAGTCTCTTTAGCTCCAAAGCCTTTGACCCTTTCACCATACCAGATTAT
GATTGCTATTAATATATAATTATAATTATAATGATTGTATTTAGGTACTCAACAGAATGGTGACTCTAGT
AACCAGCCTTGGTTCTGCTGAGCTTCTCTGCGTCTTCTCAGGAGACACAGGCTACAGAGCTTGAAGGCTG
AGGATTCTTCCAGGGTCACTTCAGGGGCAAATCTGAAACTTTCTTCAGGACAGGAATCAACGAGATCTTC
TCACTTACTTATACCTGGGGGAGGAACTGTATGAAATCCACCCAAGAACCAGTCATGCTAAGGGCCAAAC
CTATAGACAAAAAAAGGGATAGGAGAATGGAGTATGTATGGAGAAAGACTAAATTGTTCTTAAACTTCTC
AAGCTTAAAAATATCCCAGCAAAAGAGATCGTAAAAGCCCTTCATGGCGTATTAATTATCCATGCATGGG
GGTGAGTGGAAAGGTACTCCTGAGCCCGAGGCTACAGCTTTGGAACTAGCAGCACCTTTGAAGGGGAAAG
CGTGTTTCCATCATCTCAACTCCTACTGATAACCAATGGAATATTGGTGAGTAAAGGATCCTGGGGGAAG
AAGCAGCTGAAATGTGTAGGTGAGAAGGCAGAGAGAAGAATATTTATATTGGGAATGGCACAAGTGTGAT
GAGGCTGCAGGTTTTTCACCCTTGTCATAGAGAAAAAACCACGCTGACACCATGCAGTTTTAAATAGTGA
GAAATTTGCAAATTGTTAGATCTTAAATAATTTAGATAAACATAGTGGCCATTTAGATTATTGCAGTTTT
TTCAGGATATCTGATCTCTTGATTTCATTCTTTTTGTCTCTTATAAGAATAAAAGGGGGGGAGAAAATTT
AGCCATTATAGTATTTCTCTACATTTTCTCTGTCCTTTTACATAACTTACACCAGTGCCTTCCTATTTAT
GGTATTATTTATGGGTATTTCTTCTTTTCTTTCACTGAGCAAGGATAAATGAGCCAGGGATTCTTGAAAC
TACTGTAACACTTCTCTTAGAAATAGATGGTCATACTTTCAGAATCTCTACACATTCTTAGTCCCTCTAA
ACAATGATAGTTGTGGCATAAAAATATTTGCTTGGTTTCAGGACTGATAGAGAAAAGTACTATAAAATTT
GCTGTTAACTGTGAAAGGTTAAAAAAAAGGAGGTGCCATCATGAAGGAGCTAATCTTTCTGAAGTACTGC
TGTAGTTTTAAATATTATTAGCTATGACTTCTCACCATTAACTATGCACTTGCTTTTTCTTCATCTGACT
CAGCAGCCAGATAGATGCAACATTGTCT",,,,
TAACATT,TTTCCAAACTTCACTTCTAATGATGATTATGGGAGAACTGGAGCCTTCAGAGGGTAAAATTAAGCACAGTGGAAGAATTTCATTCTGTTCTCAGTTTTCCTGGATTATGCCTGGCACCATTAAAGAAAATATCATCTTTGGTGTTTCCTATGATGAATATAGATACAGAAGCGTCATCAAAGCATGCCAACTAGAAGAGGTAAGAA,D,7,
,CTGCTGAGTCACAGTCTACAGCTTTGAAAGAGGAGGATTATAAAATCTATCTCATGTTAATGCTGAAGATTAAATAATAGTGTTTATGTACCCCGCTTATAGGAGAAGAGGGTGTGTGTGTGTGTGTGTGTGTGTGTGTGTGTGTVTGTGTATGTATACATGTATGTATTCAGTCTTTACTGAAATTAAAAAATCTTTAACTTGATAATGGGCAAATATCTTAGTTTAGATCATGTCCTCTAGAAACCGTATGCTATATAATATGTACTATAAAGTAATAATGTATACAGTGTAATGGATCATGGGCCATGTGCTTTTCAAACTAATTGTACATAAAACAAGCATCTATTGAAAATATCTGACAAACTCATCTTTTATTTTTGATGTGTGTGTGTGTGTGTGTGTGTGTTTTTTTAACAGGGATTTGGGGAATTATTTGAGAAAGCAAAACAAAACAATAACAATAGAAAAACTTCTAATGGTGATGACAGCCTCTTCTTCAGTAATTTCTCACTTCTTGGTACTCCTGTCCTGAAAGATATTAATTTCAAGATAGAAAGAGGACAGTTGTTGGCGGTTGCTGGATCCACTGGAGCAGGCAAGGTAGTTCTTTTGTTCTTCACTATTAAGAACTTAATTTGGTGTCCATGTCTCTTTTTTTTTCTAGTTTGTAGTGCTGGAAGGTATTTTTGGAGAAATTCTTACATGAGCATTAGGAGAATGTATGGGTGTAGTGTCTTGTATAATAGAAATTGTTCCACTGATAATTTACTCTAGTTTTTTATTTCCTCATATTATTTTCAGTGGCTTTTTCTTCCACATCTTTATATTTTGCACCACATTCAACACTGTATCTTGCACATGGCGAGCATTCAATAACTTTATTGAATAAACAAAT,I,,
,AATTGGAAGCAAATGACATCACAGCAGGTCAGAGAAAAAGGGTTGAGCGGCAGGCACCCAGAGTAGTAGGTCTTTGGCATTAGGAGCTTGAGCCCAGACGGCCCTAGCAGGGACCCCAGCGCCCGAGAGACCATGCAGAGGTCGCCTCTGGAAAAGGCCAGCGTTGTCTCCAAACTTTTTTTCAGCTGGACCAGACCAATTTTGAGGAAAGGATACAGACAGCGCCTGGAATTGTCAGACATATACCAAATCCCTTCTGTTGATTCTGCTGACAATCTATCTGAAAAATTGGAAAGAGAATGGGATAGAGAGCTGGCTTCAAAGAAAAATCCTAAACTCATTAATGCCCTTCGGCGATGTTTTTTCTGGAGATTTATGTTCTATGGAATCTTTTTATATTTAGGGGAAGTCACCAAAGCAGTACAGCCTCTCTTACTGGGAAGAATCATAGCTTCCTATGACCCGGATAACAAGGAGGAACGCTCTATCGCGATTTATCTAGGCATAGGCTTATGCCTTCTCTTTATTGTGAGGACACTGCTCCTACACCCAGCCATTTTTGGCCTTCATCACATTGGAATGCAGATGAGAATAGCTATGTTTAGTTTGATTTATAAGAAGACTTTAAAGCTGTCAAGCCGTGTTCTAGATAAAATAAGTATTGGACAACTTGTTAGTCTCCTTTCCAACAACCTGAACAAATTTGATGAAGGACTTGCATTGGCACATTTCGTGTGGATCGCTCCTTTGCAAGTGGCACTCCTCATGGGGCTAATCTGGGAGTTGTTACAGGCGTCTGCCTTCTGTGGACTTGGTTTCCTGATAGTCCTTGCCCTTTTTCAGGCTGGGCTAGGGAGAATGATGATGAAGTACAGAGATCAGAGAGCTGGGAAGATCAGTGAAAGACTTGTGATTACCTCAGAAATGATTGAAAATATCCAATCTGTTAAGGCATACTGCTGGGAAGAAGCAATGGAAAAAATGATTGAAAACTTAAGACAAACAGAACTGAAACTGACTCGGAAGGCAGCCTATGTGAGATACTTCAATAGCTCAGCCTTCTTCTTCTCAGGGTTCTTTGTGGTGTTTTTATCTGTGCTTCCCTATGCACTAATCAAAGGAATCATCCTCCGGAAAATATTCACCACCATCTCATTCTGCATTGTTCTGCGCATGGCGGTCACTCGGCAATTTCCCTGGGCTGTACAAACATGGTATGACTCTCTTGGAGCAATAAACAAAATACAGGATTTCTTACAAAAGCAAGAATATAAGACATTGGAATATAACTTAACGACTACAGAAGTAGTGATGGAGAATGTAACAGCCTTCTGGGAGGAGGGATTTGGGGAATTATTTGAGAAAGCAAAACAAAACAATAACAATAGAAAAACTTCTAATGGTGATGACAGCCTCTTCTTCAGTAATTTCTCACTTCTTGGTACTCCTGTCCTGAAAGATATTAATTTCAAGATAGAAAGAGGACAGTTGTTGGCGGTTGCTGGATCCACTGGAGCAGGCAAGACTTCACTTCTAATGATGATTATGGGAGAACTGGAGCCTTCAGAGGGTAAAATTAAGCACAGTGGAAGAATTTCATTCTGTTCTCAGTTTTCCTGGATTATGCCTGGCACCATTAAAGAAAATATCATCTTTGGTGTTTCCTATGATGAATATAGATACAGAAGCGTCATCAAAGCATGCCAACTAGAAGAGGACATCTCCAAGTTTGCAGAGAAAGACAATATAGTTCTTGGAGAAGGTGGAATCACACTGAGTGGAGGTCAACGAGCAAGAATTTCTTTAGCAAGAGCAGTATACAAAGATGCTGATTTGTATTTATTAGACTCTCCTTTTGGATACCTAGATGTTTTAACAGAAAAAGAAATATTTGAAAGCTGTGTCTGTAAACTGATGGCTAACAAAACTAGGATTTTGGTCACTTCTAAAATGGAACATTTAAAGAAAGCTGACAAAATATTAATTTTGAATGAAGGTAGCAGCTATTTTTATGGGACATTTTCAGAACTCCAAAATCTACAGCCAGACTTTAGCTCAAAACTCATGGGATGTGATTCTTTCGACCAATTTAGTGCAGAAAGAAGAAATTCAATCCTAACTGAGACCTTACACCGTTTCTCATTAGAAGGAGATGCTCCTGTCTCCTGGACAGAAACAAAAAAACAATCTTTTAAACAGACTGGAGAGTTTGGGGAAAAAAGGAAGAATTCTATTCTCAATCCAATCAACTCTATACGAAAATTTTCCATTGTGCAAAAGACTCCCTTACAAATGAATGGCATCGAAGAGGATTCTGATGAGCCTTTAGAGAGAAGGCTGTCCTTAGTACCAGATTCTGAGCAGGGAGAGGCGATACTGCCTCGCATCAGCGTGATCAGCACTGGCCCCACGCTTCAGGCACGAAGGAGGCAGTCTGTCCTGAACCTGATGACACACTCAGTTAACCAAGGTCAGAACATTCACCGAAAGACAACAGCATCCACACGAAAAGTGTCACTGGCCCCTCAGGCAAACTTGACTGAACTGGATATATATTCAAGAAGGTTATCTCAAGAAACTGGCTTGGAAATAAGTGAAGAAATTAACGAAGAAGACTTAAAGGAGTGCCTTTTTGATGATATGGAGAGCATACCAGCAGTGACTACATGGAACACATACCTTCGATATATTACTGTCCACAAGAGCTTAATTTTTGTGCTAATTTGGTGCTTAGTAATTTTTCTGGCAGAGGTGGCTGCTTCTTTGGTTGTGCTGTGGCTCCTTGGAAACACTCCTCTTCAAGACAAAGGGAATAGTACTCATAGTAGAAATAACAGCTATGCAGTGATTATCACCAGCACCAGTTCGTATTATGTGTTTTACATTTACGTGGGAGTAGCCGACACTTTGCTTGCTATGGGATTCTTCAGAGGTCTACCACTGGTGCATACTCTAATCACAGTGTCGAAAATTTTACACCACAAAATGTTACATTCTGTTCTTCAAGCACCTATGTCAACCCTCAACACGTTGAAAGCAGGTGGGATTCTTAATAGATTCTCCAAAGATATAGCAATTTTGGATGACCTTCTGCCTCTTACCATATTTGACTTCATCCAGTTGTTATTAATTGTGATTGGAGCTATAGCAGTTGTCGCAGTTTTACAACCCTACATCTTTGTTGCAACAGTGCCAGTGATAGTGGCTTTTATTATGTTGAGAGCATATTTCCTCCAAACCTCACAGCAACTCAAACAACTGGAATCTGAAGGCAGGAGTCCAATTTTCACTCATCTTGTTACAAGCTTAAAAGGACTATGGACACTTCGTGCCTTCGGACGGCAGCCTTACTTTGAAACTCTGTTCCACAAAGCTCTGAATTTACATACTGCCAACTGGTTCTTGTACCTGTCAACACTGCGCTGGTTCCAAATGAGAATAGAAATGATTTTTGTCATCTTCTTCATTGCTGTTACCTTCATTTCCATTTTAACAACAGGAGAAGGAGAAGGAAGAGTTGGTATTATCCTGACTTTAGCCATGAATATCATGAGTACATTGCAGTGGGCTGTAAACTCCAGCATAGATGTGGATAGCTTGATGCGATCTGTGAGCCGAGTCTTTAAGTTCATTGACATGCCAACAGAAGGTAAACCTACCAAGTCAACCAAACCATACAAGAATGGCCAACTCTCGAAAGTTATGATTATTGAGAATTCACACGTGAAGAAAGATGACATCTGGCCCTCAGGGGGCCAAATGACTGTCAAAGATCTCACAGCAAAATACACAGAAGGTGGAAATGCCATATTAGAGAACATTTCCTTCTCAATAAGTCCTGGCCAGAGGGTGGGCCTCTTGGGAAGAACTGGATCAGGGAAGAGTACTTTGTTATCAGCTTTTTTGAGACTACTGAACACTGAAGGAGAAATCCAGATCGATGGTGTGTCTTGGGATTCAATAACTTTGCAACAGTGGAGGAAAGCCTTTGGAGTGATACCACAGAAAGTATTTATTTTTTCTGGAACATTTAGAAAAAACTTGGATCCCTATGAACAGTGGAGTGATCAAGAAATATGGAAAGTTGCAGATGAGGTTGGGCTCAGATCTGTGATAGAACAGTTTCCTGGGAAGCTTGACTTTGTCCTTGTGGATGGGGGCTGTGTCCTAAGCCATGGCCACAAGCAGTTGATGTGCTTGGCTAGATCTGTTCTCAGTAAGGCGAAGATCTTGCTGCTTGATGAACCCAGTGCTCATTTGGATCCAGTAACATACCAAATAATTAGAAGAACTCTAAAACAAGCATTTGCTGATTGCACAGTAATTCTCTGTGAACACAGGATAGAAGCAATGCTGGAATGCCAACAATTTTTGGTCATAGAAGAGAACAAAGTGCGGCAGTACGATTCCATCCAGAAACTGCTGAACGAGAGGAGCCTCTTCCGGCAAGCCATCAGCCCCTCCGACAGGGTGAAGCTCTTTCCCCACCGGAACTCAAGCAAGTGCAAGTCTAAGCCCCAGATTGCTGCTCTGAAAGAGGAGACAGAAGAAGAGGTGCAAGATACAAGGCTTTAGAGAGCAGCATAAATGTTGACATGGGACATTTGCTCATGGAATTGGAGCTCGTGGGACAGTCACCTCATGGAATTGGAGCTCGTGGAACAGTTACCTCTGCCTCAGAAAACAAGGATGAATTAAGTTTTTTTTTAAAAAAGAAACATTTGGTAAGGGGAATTGAGGACACTGATATGGGTCTTGATAAATGGCTTCCTGGCAATAGTCAAATTGTGTGAAAGGTACTTCAAATCCTTGAAGATTTACCACTTGTGTTTTGCAAGCCAGATTTTCCTGAAAACCCTTGCCATGTGCTAGTAATTGGAAAGGCAGCTCTAAATGTCAATCAGCCTAGTTGATCAGCTTATTGTCTAGTGAAACTCGTTAATTTGTAGTGTTGGAGAAGAACTGAAATCATACTTCTTAGGGTTATGATTAAGTAATGATAACTGGAAACTTCAGCGGTTTATATAAGCTTGTATTCCTTTTTCTCTCCTCTCCCCATGATGTTTAGAAACACAACTATATTGTTTGCTAAGCATTCCAACTATCTCATTTCCAAGCAAGTATTAGAATACCACAGGAACCACAAGACTGCACATCAAAATATGCCCCATTCAACATCTAGTGAGCAGTCAGGAAAGAGAACTTCCAGATCCTGGAAATCAGGGTTAGTATTGTCCAGGTCTACCAAAAATCTCAATATTTCAGATAATCACAATACATCCCTTACCTGGGAAAGGGCTGTTATAATCTTTCACAGGGGACAGGATGGTTCCCTTGATGAAGAAGTTGATATGCCTTTTCCCAACTCCAGAAAGTGACAAGCTCACAGACCTTTGAACTAGAGTTTAGCTGGAAAAGTATGTTAGTGCAAATTGTCACAGGACAGCCCTTCTTTCCACAGAAGCTCCAGGTAGAGGGTGTGTAAGTAGATAGGCCATGGGCACTGTGGGTAGACACACATGAAGTCCAAGCATTTAGATGTATAGGTTGATGGTGGTATGTTTTCAGGCTAGATGTATGTACTTCATGCTGTCTACACTAAGAGAGAATGAGAGACACACTGAAGAAGCACCAATCATGAATTAGTTTTATATGCTTCTGTTTTATAATTTTGTGAAGCAAAATTTTTTCTCTAGGAAATATTTATTTTAATAATGTTTCAAACATATATTACAATGCTGTATTTTAAAAGAATGATTATGAATTACATTTGTATAAAATAATTTTTATATTTGAAATATTGACTTTTTATGGCACTAGTATTTTTATGAAATATTATGTTAAAACTGGGACAGGGGAGAACCTAGGGTGATATTAACCAGGGGCCATGAATCACCTTTTGGTCTGGAGGGAAGCCTTGGGGCTGATCGAGTTGTTGCCCACAGCTGTATGATTCCCAGCCAGACACAGCCTCTTAGATGCAGTTCTGAAGAAGATGGTACCACCAGTCTGACTGTTTCCATCAAGGGTACACTGCCTTCTCAACTCCAAACTGACTCTTAAGAAGACTGCATTATATTTATTACTGTAAGAAAATATCACTTGTCAATAAAATCCATACATTTGTGT,S,,
,ACAGTAATTCTCTGTGAACACAGGATAGAAGCAATGCTGGAATGCCAACAATTTTTGGTGAGTCTTTATAACTTTACTTAAGATCTCATTGCCCTTGTAATTCTTGATAACAATCTCACATGTGATAGTTCCTGCAAATTGCAACAATGTACAAGTTCTTTTCAAAAATATGTATCATACAGCCATCCAGCTTTACTCAAAATAGCTGCACAAGTTTTTCACTTTGATCTGAGCCATGTGGTGAGGTTGAAATATAGTAAATCTAAAATGGCAGCATATTACTAAGTTATGTTTATAAATAGGATATATATACTTTTTGAGCCCTTTATTTGGGGACCAAGTCATACAAAATACTCTACTGTTTAAGATTTTAAAAAAGGTCCCTGTGATTCTTTCAATAACTAAATGTCCCATGGATGTGGTCTGGGACAGGCCTAGTTGTCTTACAGTCTGATTTATGGTATTAATGACAAAGTTGAGAGGCACATTTCATTTTTCTAGCCATGATTTGGGTTCAGGTAGTACCTTTCTCAACCACCTTCTCACTGTTCTTAAAAAAACTGTCACATGGCCAGGCACAGTGGCTTACATCTGTAATCCCAATACTTTGGGAGGCTGAGGTGGGGGGATTACTTGAGGCCAGGAATTCAAGACCAGCCCAGGCAACATAGTGAGGCCCCATCTGTCTTTATTAAAACAAAACAAAACTGTCACAGCTTCTTTCAAGTGATGTTTACAAATTCCCTATGGTTTAGTCACAAGGAAGTTCTGAGGATGATGTATCACGTCATTTCTGTTCAGGCTTTTGAGCCTCCTGGAGGTAAATGGTTTCCTTACTGAAGGCTTGTTATTACCATGATTATCACTAAGCTTGAAGTAACAAATTAGGGGGGCAGACTCACAACCTCTTGCCCTGCCATGGACAAGTTCAAGAATCTAAGTAAAGTCCTCTATTGTCTGATCTTGGATTTGCTCAACCTGAACAAGCCAAGGAGGTGTATTAAACTCAGGCACATCCTGACCAATTTGGAATTCTTAAGCTTCAGATCACTGTGGAAGAGGCTCAACTCTTTATGGTGCTGTAGACTTACGCTCATTTTCTAGGTAATTTATAAGGGACCTAATATTTTGTTTTCAAAGCAACTTCAGTTCTACTAAACCTCCCTGAAGAATCTTCCAGCTGCTGAGTAGAAAATCACAACTAATTTCACAGATGGTAGAACCTCCTTAGAGCAAAAGGACACAGCAGTTAAATGTGACATACCTGATTGTTCAAAATGCAAGGCTCTGGACATTGCATTCTTTGACTTTTATTTTCCTTTGAGCCTGTGCCAGTTTCTGTCCCTGCTCTGGTCTGACCTGCCTTCTGTCCCAGATCTCACTAACAGCCATTTCCCTAGGTCATAGAAGAGAACAAAGTGCGGCAGTACGATTCCATCCAGAAACTGCTGAACGAGA,I,,
,CCACACGAAAAGTGTCACTGGCCCCCTCAGGCAAACTTGACTGAACT,I,,
,AGTCACCAAAGCAGTACAGCCTCTCTTACTGGGAAGATCATAGCTTCCT,D,,
,GACATCTCCAAGTTTGCAGAGAAAGACAATATAGTTCTTTGAGAAGGTGGAATCACACTGAGTGGAGGTCAACGAGCAAGAATTTCTTTAGCAAG,S,,
,GATGCGATCTGTGAGCCGAGTCTTTAAGTTCATTGACATGCCAACAGAAGGTAAACCTACAAGTCAACCAAACCATACAAGAATGGCCAACTCTCGAAAGTTATGATTATTGAGAATTCACACGTGAAGAAAGATGACATCTGGCCCTCAGGGGGCCAAATGACTGTCAAAGATCTCACAGCAAAATACACAGAAGGTGGAAATGCCATATTAGAGAACATTTCCTTCTCAATAAGTCCTGGCCAGAGG,S,,
,AGCAGTAAACAAAGATGCTGATTTGTATTTATTAGACTCTCCTTTTGGATACCTAGATGTTTTAACAGAAAAAGAAATATTTGAAAG,D,,
,GACATCTCCAAGTTTGCAGAGAAAGACAATATAGTTCTTGGAGAAGGTGGAATCACACTGAGGGGAGGTCAACGAGCAAGAATTTCTTTAGCAAG,I,,
,GACATCTCCAAGTTTGCAGAGAAAGACAATATAGTTCTTGGAGAAGGTGGAATCACACTGAGTGGAGGTCAACGAGCAAGAATTTCTTTAGCAAC,I,,
,AGCAGTATACAAAGATGCTGATTTGTATTTATTAGACTCTCATTTTGGATACCTAGATGTTTTAACAGAAAAAGAAATATTTGAAAG,D,,
,GACATCTCCAAGTTTGCAGAGAAAGACAATATAGTTCTTGGAGAAGGTGGAATCACACTGAGTGGAGATCAACGAGCAAGAATTTCTTTAGCAAG,I,,
,GGATTTGGGGAATTATTTGAGAAAGCAAAACAAAACAATAACAATAGAAAAACTTCTAATGGTGATGACAGCCTCTTCTTCAGTAATTTCTCACTTCTTGGTACTCCTGTCCTGAAAGATATTAATTTCAAGATAGAAAGAGGACAGTTGTTGGAGGTTGCTGGATCCACTGGAGCAGGCAAG,S,,
,GTGGGCCTCTTGGGAAGAACTGGATCAGGGAAGAGTACTTTGTTATCAGCTTTTTTGAGACTACTGAACACTGAAGGAGAAATCCAGATCGATGGTGTGTCTTGGGATTCAATAACTTTGCAACAGTGAAGGAAAGCCTTTGGAGTGATACCACAG,D,,
,GACATCTCCAAGTTTGCAGAGAAAGACAATATAGTTCTTGGAGAAGGTGGAATCACACTGATTGGAGGTCAACGAGCAAGAATTTCTTTAGCAAG,D,,
,TTTCCAGACTTCACTTCTAATGATGATTATGGGAGAACTGGAGCCTTCAGAGGGTAAAATTAAGCACAGTGGAAGAATTTCATTCTGTTCTTAGTTTTCCTGGATTATGCCTGGCACCATTAAAGAAAATATCATCTTTGGTGTTTCCTATGATGAATATAGATACAGAAGCGTCATCAAAGCATGCCAACTAGAAGAGGTAAGAA,S,,
,AGCAAAATACACAGAAGGTGGAAATGCCATATTAGAGAACATTCCTTCTCAATAAGTC,D,,
,TTTCCAGACTTCACTTCTAATGATGATTATGGGAGAACTGGAGCCTTCAGAGGGTAAAATTAAGCACAGTGGAAGAATTTCATTCTGTTCTCAGTTTTCCTGGATTATGCCTGGCACCATTAAAGAAAATATCTTTGGTGTTTCCTATGATGAATATAGATACAGAAGCGTCATCAAAGCATGCCAACTAGAAGAGGTAAGAA,I,,
,TCAAAGCTATCACTTGTATCCCTCTCCCTGCTCAAGGCCCATCTTCAGTAGACTAAACAAATACCAGAATCACACACACACACACACACACACACACACACACACACACACACACACAATCCTGTATACTAGTAAAGGAGTGAGAAGGAAAATACTCTAAGATAAAAGGATAATAAGTTTTTACACAGTAATTCTGTTTAACAGGTAAATAAATGCAGGATAACAGAAGGCAGAAACCTGATTTATTGCAGAAAACGGATGGAAAAAATTCTAAACACAACAGATGAACTCCAGAGCCCTGCTGTGAAAACAAGGAATTTCAATTCTGGTCAAATTCTCAACAGTGGCATAACTCTTAGGAAATCTCAGACTTCTCAGTCTTCAGATACTTTCTGTCTAGGTCTACTTTTCTGCATATTCCTAGATTCTTATCTATTCAGACATGCATCTGGGTGACAGTCATTTTAAGTCAAGATAGGAAGGATTGTCTTTCCTTATGTCTCCAGGCCCTTAGGGATTAAATAGACTTTATTGGTTATATAACTGTCCTTTAACCTGCAACTTCGGGGCCACAGCCTTTTTTTGAGGCTTACTCTGGGA,D,,
,AAGCTTTTGCCTTGATCAACTGGAAGAATAGGGTTACTCGATCTCAAGTAGGAAAGACAGTAAGAGAGTGGAATGTGAGGAGACCAGTTTAGACATGTTAAGGGTGAGATGTTTATTGAGTCTATAATATAACAACCCAAATTCAGGTATTGAATAGGCAAGTGGACATACCAGTTGGGAGTTCAGGAGAGGAACCAGACTAGAACTCTCAATTTGAGTATCAGTAGCATATAGATGCCATTTAAAGTCATAAGACTGTGATAACCCAGCAGGAATACAGATACGATAAAAAAATTCTGAATATATTTTGTATTTACAATTGACAGGATTTTCTGGCTGTCAAAATGTAGGTATAAAAGATAAAATTTGAGAATGCCTCCAAGGATTTATAAAGAATAAAAAAAGCTGTTGGTGGATTGATTCTGGGGCTCTCCAATAATTGAAGATAAAGAGGAGCCAACAAATTGGATTGAAAAAAATGTTTAAAGAGGTAGGAATCAAACGAGACAGTGTGGTATCTTGGAAGCCAAACCAAAAAAAAATAAAAAGTGTTTCAAGGAGTTAGCAATGGTCAGCTGTGTCAAATGCTGCTGTATTTACATGAAAACTCAGAAATGACCATTAGCTTTCATGTGATAGACATCATCATCAATCTGGCTTAAAAGTAGTGTCATTTGAGTGATGGGAGCAAAAAGGTGATGATGGGAACTGCTTTAAGTGAGAACAGAGGGAGAAAAATTGTAGCAGAGATTATAACATTTTAGACAATCCTACTGAGGAATTTTGCCACAAAAGAGAGCAATTGCGGTGATGGTTTCAGGGGGAGATGTGGTCAATCTTCCTGTTTGTTTTCTTAGTAGGAGGCAAATACTAGTATGTATTTAAGCTAGTAAGAATTGGTTAACAGAGAGGGAAACTTTAAAGATACATATGAAAGCAGGGAAGAAGGATTTACTGAATAATGTTTTTGGATAGGGCTAGAGAGGATGGGGTCTAGTACATGCAAGAATGGTGCTGGCCTTTGCTAGGAACATGAACATATCATCTACATGAACAAGAGAAAGGTAAAGTTTTTTTTTTTTTTTTTTCAAGGTGCAGGTAAGTGGGTAGATATCGTGGGAGCTGGTACAGTTTCTCTTTTGATTGGATCTTTTTTCTCAATGGATCAGGAAAAAGGGCCATGAGCCAAGGAGGTGTGAAGAGAGAGGAAGGATAACAGACCTTTTGAGGTGGATTTTCCTGAACTGGAAATGAAAGATGATGGCAGGACTGTGTTTTTTCCTTTGGTCACATTTTGTGGCTTAGGGCAGAGCAAAGAGTTTAGATTTAATGAGGGTTTTGGTTTAGGCACAGATAGGTAAGAAAAGGAATGGGGAAAAACTTAGTGAAGGTATCTGCATGGGAGTGATTATGACGATTGACCGTGGAATTTAGTTAAGTAGTGAAGTGAGGACACAGGGTGTGGGGGTCCAGGCCAGGGAAAGGAATATGAGACTAATGGACTGTAGGTGCAGTGAGTTAGATTTTCAAAGGACTTTTGGAGTTTTGTGACCAGACAAAGTGAGCTGGAATATGAGAAGTGGTGTTAAAAAGTGTGTATGAAATTGAGATTATTGAGGAATTGCAGTTATTATAAAGACAATTTGTCGCATGTGGCCAGGGAGGTGAGAGGCTGGGAGTGGGTTGGAGGGAAGATCACTGGAAGAGATCCACCCCTCCCCATCCCCATCACAAGGAAGGTAGGCATTAGTTTGCAAGAGTTCAAGCCCTTAGATCTGCTTTTGAAGAGAAGAGGCTATTTGTAAGAAAGCTGGTAAGTTTCTATTCCAAGGTTCATGATCTAATAGGAAGACTGCAGGTGTGCCGTTAGGCCCAAGTCCTAGGTGAGAATGCAGGTCTGCGAGCCCCTAGGACCGGACCATAACGACCTTAATAGCCATAACGGCCGTAACTGCCATAACGGCCGNTGCGCGAGGCCCTTCCAGCATTTCCACTTTCGTCAGGTACTGGAGAGGGCTGCCGGCCGGATGCCAGGGCAGAGGGGCAGGGCGGACGGCTAGGAGTTCAAGAAACATCCTGGTCTGAGGGAAAGCTGCAGCCTGCACCGCCATGAATAAGCTT,D,,
,AATAAGTTACACTATAAAGGTTGTTTTAGACTTTTAAAGTTCTGCCATTGGTTTTTAAAAAAATTTTTAAATTGGCTTTAAAAATTTCTTAATTGTGTGCTGAATACAATTTTCTTTATTACAGAAGTACCAACAATTACATGTATAAACAGAGAATCCTATGTACTTGAGATATAAGTAAGGTTACTATCAATCACACCTGAAAATTTAAATGTTATGAAGAAATTATCTCATTTCTATTTAATATGGGAACTGTGTCT,I,,
,TTCTATGGAATCTTTTTA,S,,
,CACCATTTAAAGAAAATATCATTGGTGTTTCCTATGATGA,D,,
,ATTGTGCAAAAGACTCCCTTACAAATGAATGGCATCGAAGAGGATTCTGATGAGCCTTTAGAGAGAAGGCTGTCCTTAGTACCAGATTCTGAGCAGGGAGAGGCGATACTGCCTCGCATCAGCGTGATCAGCACTGGCCCCACGCTTCAGGCACGAAGGAGGCAGTCTGTCCTGAACCTGATGACACACTCAGTTAACCAAGGTCAGAACATTCACCGAAAGACAACAGCATCCACACGAAAAGTGTCACTGGCCCCTCAGGCAAACTTGACTGAACTGGATATATATTCAAGAAGGTTATCTCAAGAAACTGGCTTGGAAATAAGTGAAGAAATTAACGAAGAAGACTTAAAGTGTAGGTATACATCGCTTGGGGGTATTTCACCCCACAGAATGCAATTGAGTAGAATGCAATATGTAGCATGTAACAAAATTTACTAAAATCATAGGATTAGGATAAGGTGTA,D,,
,TGATTGTTCAAATGCAAGGCTCTGGACATTGCATTCTTTGACTTTTATTTTCCTTTGAGCCTGTGCCAGTTTCTGTCCCTGTTCTGGTCTGACCTGCCTTCTGTCCCAGATCTCACTAACAGCCATTTCCCTAGGTCATAGAAGAGAACAAAGTGCGGCAGTACGATTCCATCCAGAAACTGCTGAACGAGAGGAGCCTCTT,C,,
,TTGTCATCTTGATTTCTGGAGACCACAAGGTAATGAAAAATAATTACAAGAGTCTTCCATCTGTTGCAGTATTAAAATGGCGAGTAAGACACCCTGAAAGGAAATGTTCTATTCATGGTACAATGCAATTACAGCTAGCACCAAATTCAACACTGTTTAACTTTCAACATATTATTTTGATTTATCTTGATCCAACATTCTC,I,,
,GTAAGAATGTTCTATTGTAAAGTATTACTGGATTTAAAGTTAAATTAAGATAGTTTGGGGATGTATACATATATATGCACACACAAATATGTATATATACACAAGTATACATGTATAAGTATGCATATATACACACATATATCACTATATGTATATATGTATATATTACATATATTTGTGATTTTACAGTATATAATGGTAT,I,,
,GCTAATTTGGTGCTTAGTAATTTTTCTGGCAGAGGTAAGAATGTTCTATTGTAAAGTATTACTGGATTTAAAGTTAAATTAAGATAGTTTGGGGATGTATACATATATATGCACACACAATATGTATATATACACAAGTATACATGTATAAGTATGCATATATACACACATATATCACTATATGTATATATGTATATATT,I,,
,GTAGATGCTGTGATGAACTGCGATTTAAAAATTGTTAAAATTAGCATAAAATTGAAATGTAAATTTAATGTGATATGTGCCCTAGGAGAAGTGTGAATAAAGTCGTTCACAGAAGAGAGAAATAACATGAGGTTCATTTACGTCTTTTGTGCATCTATAGGAGAAGGAGAAGGAAGAGTTGGTATTATCCTGACTTTAGCCATGAATATCATGAGTACATTGCAGTGGGCTGTAAACTCCAGCATAGATGTGGATAGCTTGGTAAGTCTTATCATCTTTTTAACTTTTATGAAAAAAATTCAGACAAGTAACAAAGTATGAGTAATAGCATGAGGAAGAACTATATACCGTATATTGAGCTTAAGAAATAAAACATTACAGATAAATTGAGGGTCACTGTGTATCTGTCATTAAATCCTTATCTCTTCTTTCCTTCTCATAGATA,I,,
,AGGGAGAATGATGATGAAGTAC,D,,
,ATGTGGGCAACCTGCTGCAACTGGTTCTGCCTGGATGGACAGCCTGAGGAGGTCCCACCACCCCAGGGAGCCAGGATGCAGGCCTATTCCAACCCTGGGTACAGCTCCTTCCCTTCCCCAACAGGCTTGGAACCAAGCTGCAAGTCCTGTGGGGCTCACTTTGCAAACACGGCCAGGAAGCAGACCTGCTTGGACTGTAAGAAAAATTTTTGCATGACCTGTTCGAGCCAAGTAGGGAATGGGCCCCGCCTCTGCCTTCTCTGCCAACGGTTTCGAGCTACAGCCTTTCAGCGAGAGGAGCTCATGAAGATGAAGGTGAAGGACTTGAGGGACTATCTCAGCCTCCATGACATCTCTACCGAAATGTGCCGGGAGAAAGAAGAGCTGGTGCTCTTGGTCCTTGGCCAGCAGCCTGTAATCTCCCAGGAGGACAGGACTCGTGCCTCCACCTTGTCCCCAGACTTTCCTGAGCAGCAGGCCTTCCTGACCCAGCCTCACTCCAGCATGGTTCCACCTACCTCACCCAACCTCCCCTCTTCATCTGCACAAGCCACCTCTGTTCCCCCAGCCCAGGTTCAGGAGAATCAGCAGGCCAATGGCCATGTGTCTCAGGATCAAGAGGAACCCGTCTACCTGGAGAGCGTGGCCAGAGTACCTGCTGAGGATGAGACCCAGTCTATTGACTCAGAGGACAGCTTTGTCCCAGGCCGAAGGGCCTCTCTGTCTGACCTGACTGACCTGGAGGACATTGAAGGCCTGACAGTGCGGCAGCTGAAAGAGATCTTGGCTCGCAACTTTGTCAACTACAAGGGCTGCTGTGAGAAGTGGGAGCTGATGGAGAGAGTGACCCGGCTATACAAGGATCAGAAAGGACTCCAGCACCTGGTCAGTGGTGCCGAAGACCAAAACGGGGGAGCAGTACCATCAGGCTTGGAGGAGAACCTGTGTAAGATCTGCATGGACTCACCCATTGACTGTGTTCTTCTGGAGTGTGGCCACATGGTAACCTGTACCAAGTGTGGCAAGCGCATGAATGAATGTCCCATCTGCCGGCAGTATGTAATCCGAGCTGTGCATGTCTTCCGGTCCTGA,I,,
,CCACCCTTGGAGTTCACTCACCTAAACCTCAAACTAATAAAGCTTGGTTCTTTTCTCCGACACGCAAAGGAAGCGCTAAGGTAAATGCATCAGACCCACACTGCCGCGGAACTTTTCGGCTCTCTAAGGCTGTATTTTGATATACGAAAGGCACATTTTCCTTCCCTTTTCAAAATGCACCTTGCAAACGTAACAGGGACCCGACTAGGATCATCGGGAAAAGGAGGAGGAGGAGGAAGGCAGGCTCCGGGGAAGCTGGTGGCAGCGGGTCCTGGGTCTGGCGGACCCTGACGCGAAGGAGGGTCTAGGAAGCTCTCCGGGGAGCCGTTCTCCCGCCGGTGGCTTCTTCTGTCCTCCAGCGTTGCCAACTGGACCTAAAGAGAGGCCGCGACTGTCGCCCACCTGCGGGATGGGCCTGGTGCTGGGCGGTAAGGACACGGACCTGGAAGGAGCGCGCGCGAGGGAGGGAGGCTGGGAGTCAGAATCGGGAAAGGGAGGTGCGGGGCGGCGAGGGAGCGAAGGAGGAGAGGAGGAAGGAGCGGGAGGGGTGCTGGCGGGGGTGCGTAGTGGGTGGAGAAAGCCGCTAGAGCAAATTTGGGGCCGGACCAGGCAGCACTCGGCTTTTAACCTGGGCAGTGAAGGCGGGGGAAAGAGCAAAAGGAAGGGGTGGTGTGCGGAGTAGGGGTGGGTGGGGGGAATTGGAAGCCAAATGACATCACAGCAGGTCAGAGAAAAAGGGTTGAGCGGCAGGCACCCAGAGTAGTAGGTCTTTGGCATTAGGAGCTTGAGCCCAGACGGCCCTAGCAGGGACCCCAGCGCCCAGAGACCATGCAGAGGTCGCCTCTGGAAAAGGCCAGCGTTGTCTCCAAACTTTTTTTCAGGTGAGAAGGTGGCCAACCGAGCTTCGGAAAGACACGTGCCCACGAAAGAGGAGGGCGTGTGTATGGGTTGGGTTTGGGGTAAAGGAATAAGCAGTTTTTAAAAAGATGCGCTATCATTCATTGTTTTGAAAGAAAATGTGGGTATTGTAGAATAAAACAGAAAGCATTAAGAAGAGATGGAAGAATGAACTGAAGCTGATTGAATAGAGAGCCACATCTACTTGCAACTGAAAAGTTAGAATCTCAAGACTCAAGTACGCTACTATGCACTTGTTTTATTTCATTTTTCTAAGAAACTAAAAATACTTGTTAATAAGTACCTAGTATGGTTTATTGGTTTTCCCCCTTCATGCCTTGGACACTTGATTGTCTTCTTGGCACATACAGGTGCCATGCCTGCATATAGTAAGTGCTCAGAAAACATTTCTTGACTGAATTCAGCCAACAAAAATTTTGGGGTAGGTAGAAAATATATGCTTAAAGTATTTATTGTTATGAGACTGGATATATCTAGTATTTGTCACAGGTAAATGATTCTTCAAAAATTGAAAGCAAATTTGTTGAAATATTTATTTTGAAAAAAGTTACTTCACAAGCTATAAATTTTAAAAGCCATAGGAATAGATACCGAAGTTATATCCAACTGACATTTAATAAATTGTATTCATAGCCTAATGTGATGAGCCACAGAAGCTTNNNNNNNNNNNNNNNNNNNNNNNNNNNNNNNNNNNNNNNNNNNNNNNNNNNNNNNNNNNNNNNNNNNNNNNNNNNNNNNNNNNNNNNNNNNNNNNNNNNNAAACCATACTATTATTCCCTCCCAATCCCTTTGACAAAGTGACAGTCACATTAGTTCAGAGATATTGATGTTTTATACAGGTGTAGCCTGTAAGAGATGAAGCCTGGTATTTATAGAAATTGACTTATTTTATTCTCATATTTACATGTGCATAATTTTCCATATGCCAGAAAAGTTGAATAGTATCAGATTCCAAATCTGTATGGAGACCAAATCAAGTGAATATCTGTTCCTCCTCTCTTTATTTTAGCTGGACCAGACCAATTTTGAGGAAAGGATACAGACAGCGCCTGGAATTGTCAGACATATACCAAATCCCTTCTGTTGATTCTGCTGACAATCTATCTGAAAAATTGGAAAGGTATGTTCATGTACATTGTTTAGTTGAAGAGAGAAATTCATATTATTAATTATTTAGAGAAGAGAAAGCAAACATATTATAAGTTTAATTCTTATATTTAAAAATAGGAGCCAAGTATGGTGGCTAATGCCTGTAATCCCAACTATTTGGGAGGCCAAGATGAGAGGATTGCTTGAGACCAGGAGTTTGATACCAGCCTGGGCAACATAGCAAGATGTTATCTCTACACAAAATAAAAAGTTAGCTGGGAATGGTAGTGCATGCTTGTANNNNNNNNNNNNNNNNNNNNNNNNNNNNNNNNNNNNNNNNNNNNNNNNNNNNNNNNNNNNNNNNNNNNNNNNNNNNNNNNNNNNNNNNNNNNNNNNNNNNAGGAATCTGCCAGATATCTGGCTGAGTGTTTGGTGTTGTATGGTCTCCATGAGATTTTGTCTCTATAATACTTGGGTTAATCTCCTTGGATATACTTGTGTGAATCAAACTATGTTAAGGGAAATAGGACAACTAAAATATTTGCACATGCAACTTATTGGTCCCACTTTTTATTCTTTTGCAGAGAATGGGATAGAGAGCTGGCTTCAAAGAAAAATCCTAAACTCATTAATGCCCTTCGGCGATGTTTTTTCTGGAGATTTATGTTCTATGGAATCTTTTTATATTTAGGGGTAAGGATCTCATTTGTACATTCATTATGTATCACATAACTATATGCATTTTTGTGATTATGAAAAGACTACGAAATCTGGTGAATAGGTGTAAAAATATAAAGGATGAATCCAACTCCAAACACTAAGAAACCACCTAAAACTCTAGTAAGGATAAGTAANNNNNNNNNNNNNNNNNNNNNNNNNNNNNNNNNNNNNNNNNNNNNNNNNNNNNNNNNNNNNNNNNNNNNNNNNNNNNNNNNNNNNNNNNNNNNNNNNNNNCCACTATTCACTGTTTAACTTAAAATACCTCATATGTAAACTTGTCTCCCACTGTTGCTATAACAAATCCCAAGTCTTATTTCAAAGTACCAAGATATTGAAAATAGTGCTAAGAGTTTCACATATGGTATGACCCTCTATATAAACTCATTTTAAGTCTCCTCTAAAGATGAAAAGTCTTGTGTTGAAATTCTCAGGGTATTTTATGAGAAATAAATGAAATTTAATTTCTCTGTTTTTCCCCTTTTGTAGGAAGTCACCAAAGCAGTACAGCCTCTCTTACTGGGAAGAATCATAGCTTCCTATGACCCGGATAACAAGGAGGAACGCTCTATCGCGATTTATCTAGGCATAGGCTTATGCCTTCTCTTTATTGTGAGGACACTGCTCCTACACCCAGCCATTTTTGGCCTTCATCACATTGGAATGCAGATGAGAATAGCTATGTTTAGTTTGATTTATAAGAAGGTAATACTTCCTTGCACAGGCCCCATGGCACATATATTCTGTATCGTACATGTTTTAATGTCATAAATTAGGTAGTGAGCTGGTACAAGTAAGGGATAAATGCTGAAATTAATTTAATATGCCTATTAAATAAATGGCAGGAATAATTAATGCTCTTAATTATCCTTGATAATTTAATTGACTTAAACTGATAATTATTGAGTATCNNNNNNNNNNNNNNNNNNNNNNNNNNNNNNNNNNNNNNNNNNNNNNNNNNNNNNNNNNNNNNNNNNNNNNNNNNNNNNNNNNNNNNNNNNNNNNNNNNNNTAATTATTTCTGCCTAGATGCTGGGAAATAAAACAACTAGAAGCATGCCAGTATAATATTGACTGTTGAAAGAAACATTTATGAACCTGAGAAGATAGTAAGCTAGATGAATAGAATATAATTTTCATTACCTTTACTTAATAATGAATGCATAATAACTGAATTAGTCATATTATAATTTTACTTATAATATATTTGTATTTTGTTTGTTGAAATTATCTAACTTTCCATTTTTCTTTTAGACTTTAAAGCTGTCAAGCCGTGTTCTAGATAAAATAAGTATTGGACAACTTGTTAGTCTCCTTTCCAACAACCTGAACAAATTTGATGAAGTATGTACCTATTGATTTAATCTTTTAGGCACTATTGTTATAAATTATACAACTGGAAAGGCGGAGTTTTCCTGGGTCAGATAATAGTAATTAGTGGTTAAGTCTTGCTCAGCTCTAGCTTCCCTATTCTGGAAACTAAGAAAGGTCAATTGTATAGCAGAGCACCATTCTGGGGTCTGGTAGAACCACCCAACTCAAAGGCACCTTAGCCTGTTGTTAATAAGATTTTTCAAAACTTAATTCTTATCAGACCTTGCTTCTTTTAAACNNNNNNNNNNNNNNNNNNNNNNNNNNNNNNNNNNNNNNNNNNNNNNNNNNNNNNNNNNNNNNNNNNNNNNNNNNNNNNNNNNNNNNNNNNNNNNNNNNNNGACATGATACTTAAGATGTCCAATCTTGATTCCACTGAATAAAAATATGCTTAAAAATGCACTGACTTGAAATTTGTTTTTTGGGAAAACCGATTCTATGTGTAGAATGTTTAAGCACATTGCTATGTGCTCCATGTAATGATTACCTAGATTTTAGTGTGCTCAGAACCACGAAGTGTTTGATCATATAAGCTCCTTTTACTTGCTTTCTTTCATATATGATTGTTAGTTTCTAGGGGTGGAAGATACAATGACACCTGTTTTTGCTGTGCTTTTATTTTCCAGGGACTTGCATTGGCACATTTCGTGTGGATCGCTCCTTTGCAAGTGGCACTCCTCATGGGGCTAATCTGGGAGTTGTTACAGGCGTCTGCCTTCTGTGGACTTGGTTTCCTGATAGTCCTTGCCCTTTTTCAGGCTGGGCTAGGGAGAATGATGATGAAGTACAGGTAGCAACCTATTTTCATAACTTGAAAGTTTTAAAAATTATGTTTTCAAAAAGCCCACTTTAGTAAAACCAGGACTGCTCTATGCATAGAACAGTGATCTTCAGTGTCATTAAATTTTTTTTTTTTTTTTTTTTGAGACAGAGTCTAGATCTGTCACCCAGGCTGGAGTGCAGTGGCACGATCTTGGCTCACTGCACTGCAACTTCTGCCTCCCAGGCTCAAGCAATTCTCCTGCCTCAGCCTCCGGAGTAGCTGGGATTAGAGGCGCATGCACCACACCCAGCTAATTTTTGTATTTTAGTAGAGACAGGGTTTCACCAGGTTGCCCAGGCTGGTCTCGAATGCCTGACCTCAGGTGATCCGCCCACCTCGGCCTCCCAAAGTACTGATATTACAGGCATGAGCTACCGCGCCCGGCCTAAAAAATACTTTTTAAGATGGTGTAAATATTACTTTCTGTATCAATGGTACATTTTTTACTTGTCAGTCTCTAGAATTTCTTTATAAATATGTTGATTCAGTTCATTTTTGTAGATTATAAAACAGGTAAAAAAGGATAAAACATTTATGTGAATTAAAGGGAATACCTAATTTTTGTGTAGAGTTTATTAGCTTTTACTACTCTGGTTTATGGATCATCACACCAGAGCCTTAGTTACTTTGTGTTACAGAATAACTAATATGAGTGAATGAATGACTTACACAAGTCACTGCTTAGGATAAAGGGCTTGAGTTTGTCAGCTAGAGTATGACAGAAAGTATCTAAGTTTTGGAGTCAAATAGCACTTTGTTTGAATCCCAGATTGCATGCTTACTAGTTATGTGACCTTAGTCAAGCCACTTCACCTCACTGAGTCTTTGCTTTTTTCATCTCTAAAATAGAGATACCCACCGCTCATAGGCTGTCATAAGGATAGAGATAGCATATGGAATGAGTCTGTACAGCGTCTGGCACATAGGAGGCATTTACCAAACAGTAGTTATTATTTTTGTTACCATCTATTTGATAATAAAATAATGCCCATCTGTTGAATAAAAGAAATATGACTTAAAACCTTGAGCAGTTCTTAATAGATAATTTGACTTGTTTTTACTATTAGATTGATTGATTGATTGATTGATTGATTTACAGAGATCAGAGAGCTGGGAAGATCAGTGAAAGACTTGTGATTACCTCAGAAATGATTGAAAATATCCAATCTGTTAAGGCATACTGCTGGGAAGAAGCAATGGAAAAAATGATTGAAAACTTAAGACAGTAAGTTGTTCCAATAATTTCAATATTGTTAGTAATTCTGTCCTTAATTTTTTAAAAATATGTTTATCATGGTAGACTTCCACCTCATATTTGATGTTTGTGACAATCAAATGATTGCATTTAAGTTCTGTCAATATTCATGCATTAGTTGCACAAATTCACTTTCATGGGCTGTAGTTTTATGTAGTTGGTCCAGGGTGTTATTTTATGCTGCAAGTATATTATACTGATACGTTATTAAAGAATTTCCTACATATGTTCACTGCTGCTCAATACATTTATTTCGTTAAAAACAATTATCAAGATACTGAAGGCTGATTGGTAACTCACATGGAACTGGGAGAGTATACAATTCTGAACCAAATAGATGANNNNNNNNNNNNNNNNNNNNNNNNNNNNNNNNNNNNNNNNNNNNNNNNNNNNNNNNNNNNNNNNNNNNNNNNNNNNNNNNNNNNNNNNNNNNNNNNNNNNTTTACAAGTACTACAAGCAAAACACTGGTACTTTCATTGTTATCTTTTCATATAAGGTAACTGAGGCCCAGAGAGATTAAATAACATGCCCAAGGTCACACAGGTCATATGATGTGGAGCCAGGTTAAAAATATAGGCAGAAAGACTCTAGAGACCATGCTCAGATCTTCCATTCCAAGATCCCTGATATTTGAAAAATAAAATAACATCCTGAATTTTATTGTTATTGTTTTTTATAGAACAGAACTGAAACTGACTCGGAAGGCAGCCTATGTGAGATACTTCAATAGCTCAGCCTTCTTCTTCTCAGGGTTCTTTGTGGTGTTTTTATCTGTGCTTCCCTATGCACTAATCAAAGGAATCATCCTCCGGAAAATATTCACCACCATCTCATTCTGCATTGTTCTGCGCATGGCGGTCACTCGGCAATTTCCCTGGGCTGTACAAACATGGTATGACTCTCTTGGAGCAATAAACAAAATACAGGTAATGTACCATAATGCTGCATTATATACTATGATTTAAATAATCAGTCAATAGATCAGTTCTAATGAACTTTGCAAAAATGTGCGAAAAGATAGAAAAAGAAATTTCCTTCACTAGGAAGTTATAAAAGTTGCCAGCTAATACTAGGAATGTTCACCTTAAACTTTTCCTAGCATTTCTCTGGACAGTATGATGGATGAGAGTGGCATTTATGCAAATTACCTTAAAATCCCAATAATACTGATGTAGCTAGCAGCTTTGAGAAANNNNNNNNNNNNNNNNNNNNNNNNNNNNNNNNNNNNNNNNNNNNNNNNNNNNNNNNNNNNNNNNNNNNNNNNNNNNNNNNNNNNNNNNNNNNNNNNNNNNGCACATTAGTGGGTAATTCAGGGTTGCTTTGTAAATTCATCACTAAGGTTAGCATGTAATAGTACAAGGAAGAATCAGTTGTATGTTAAATCTAATGTATAAAAAGTTTTATAAAATATCATATGTTTAGAGAGTATATTTCAAATATGATGAATCCTAGTGCTTGGCAAATTAACTTTAGAACACTAATAAAATTATTTTATTAAGAAATAATTACTATTTCATTATTAAAATTCATATATAAGATGTAGCACAATGAGAGTATAAAGTAGATGTAATAATGCATTAATGCTATTCTGATTCTATAATATGTTTTTGCTCTCTTTTATAAATAGGATTTCTTACAAAAGCAAGAATATAAGACATTGGAATATAACTTAACGACTACAGAAGTAGTGATGGAGAATGTAACAGCCTTCTGGGAGGAGGTCAGAATTTTTAAAAAATTGTTTGCTCTAAACACCTAACTGTTTTCTTCTTTGTGAATATGGATTTCATCCTAATGGCGAATAAAATTAGAATGATGATATAACTGGTAGAACTGGAAGGAGGATCACTCACTTATTTTCTAGATTAAGAAGTAGAGGAATGGCCAGGTGCTCATGGTTGTAATCCCAGCACTTTCGGGAGACCAAGGCGGGTGGATCACCTGAGGTCAGGAGTTCAAGACCAGCCTGCCAACATGGTAAAACCCGGTCTCTACTAAAAATACAAAAAATTAACTGNNNNNNNNNNNNNNNNNNNNNNNNNNNNNNNNNNNNNNNNNNNNNNNNNNNNNNNNNNNNNNNNNNNNNNNNNNNNNNNNNNNNNNNNNNNNNNNNNNNNGGTAGTGACTTTAAAGCTGTGTGACTTTAGTCATTTAACTGCTGAGTCACAGTCTACAGCTTTGAAAGAGGAGGATTATAAAATCTATCTCATGTTAATGCTGAAGATTAAATAATAGTGTTTATGTACCCCGCTTATAGGAGAAGAGGGTGTGTGTGTGTGTGTGTGTGTGTGTGTGTGTGTATGTGTATGTATACATGTATGTATTCAGTCTTTACTGAAATTAAAAAATCTTTAACTTGATAATGGGCAAATATCTTAGTTTTAGATCATGTCCTCTAGAAACCGTATGCTATATAATTATGTACTATAAAGTAATAATGTATACAGTGTAATGGATCATGGGCCATGTGCTTTTCAAACTAATTGTACATAAAACAAGCATCTATTGAAAATATCTGACAAACTCATCTTTTATTTTTGATGTGTGTGTGTGTGTGTGTGTGTGTTTTTTTAACAGGGATTTGGGGAATTATTTGAGAAAGCAAAACAAAACAATAACAATAGAAAAACTTCTAATGGTGATGACAGCCTCTTCTTCAGTAATTTCTCACTTCTTGGTACTCCTGTCCTGAAAGATATTAATTTCAAGATAGAAAGAGGACAGTTGTTGGCGGTTGCTGGATCCACTGGAGCAGGCAAGGTAGTTCTTTTGTTCTTCACTATTAAGAACTTAATTTGGTGTCCATGTCTCTTTTTTTTTCTAGTTTGTAGTGCTGGAAGGTATTTTTGGAGAAATTCTTACATGAGCATTAGGAGAATGTATGGGTGTAGTGTCTTGTATAATAGAAATTGTTCCACTGATAATTTACTCTAGTTTTTTATTTCCTCATATTATTTTCAGTGGCTTTTTCTTCCACATCTTTATATTTTGCACCACATTCAACACTGTATCTTGCACATGGCGAGCATTCAATAACTTTATTGAATAAACAAATCATCCATTTTATCCATTCTTAACCAGAACAGACATTTTTTCAGAGCTGGTCCAGGAAAATCATGACTTACATTTTGCCTTAGTAACCACATAAACAAAAAGTCTCCATTTTTGTTGACNNNNNNNNNNNNNNNNNNNNNNNNNNNNNNNNNNNNNNNNNNNNNNNNNNNNNNNNNNNNNNNNNNNNNNNNNNNNNNNNNNNNNNNNNNNNNNNNNNNNCACTGTAGCTGTACTACCTTCCATCTCCTCAACCTATTCCAACTATCTGAATCATGTGCCCTTCTCTGTGAACCTCTATCATAATACTTGTCACACTGTATTGTAATTGTCTCTTTTACTTTCCCTTGTATCTTTTGTGCATAGCAGAGTACCTGAAACAGGAAGTATTTTAAATATTTTGAATCAAATGAGTTAATAGAATCTTTACAAATAAGAATATACACTTCTGCTTAGGATGATAATTGGAGGCAAGTGAATCCTGAGCGTGATTTGATAATGACCTAATAATGATGGGTTTTATTTCCAGACTTCACTTCTAATGATGATTATGGGAGAACTGGAGCCTTCAGAGGGTAAAATTAAGCACAGTGGAAGAATTTCATTCTGTTCTCAGTTTTCCTGGATTATGCCTGGCACCATTAAAGAAAATATCATCTTTGGTGTTTCCTATGATGAATATAGATACAGAAGCGTCATCAAAGCATGCCAACTAGAAGAGGTAAGAAACTATGTGAAAACTTTTTGATTATGCATATGAACCCTTCACACTACCCAAATTATATATTTGGCTCCATATTCAATCGGTTAGTCTACATATATTTATGTTTCCTCTATGGGTAAGCTACTGTGAATGGATCAATTAATAAAACACATGACCTATGCTTTAAGAAGCTTGCAAACACATGAAATAAATGCAATTTATTTTTTAAATAATGGGTTCATTTGATCACAATAAATGCATTTTATGAAATGGTGAGAATTTTGTTCACTCATTAGTGAGACAAACGTCTCAATGGTTATTTATATGGCATGCATATAGTGATATGTGGTNNNNNNNNNNNNNNNNNNNNNNNNNNNNNNNNNNNNNNNNNNNNNNNNNNNNNNNNNNNNNNNNNNNNNNNNNNNNNNNNNNNNNNNNNNNNNNNNNNNNATATACCCATAAATATACACATATTTTAATTTTTGGTATTTTATAATTATTATTTAATGATCATTCATGACATTTTAAAAATTACAGGAAAAATTTACATCTAAAATTTCAGCAATGTTGTTTTTGACCAACTAAATAAATTGCATTTGAAATAATGGAGATGCAATGTTCAAAATTTCAACTGTGGTTAAAGCAATAGTGTGATATATGATTACATTAGAAGGAAGATGTGCCTTTCAAATTCAGATTGAGCATACTAAAAGTGACTCTCTAATTTTCTATTTTTGGTAATAGGACATCTCCAAGTTTGCAGAGAAAGACAATATAGTTCTTGGAGAAGGTGGAATCACACTGAGTGGAGGTCAACGAGCAAGAATTTCTTTAGCAAGGTGAATAACTAATTATTGGTCTAGCAAGCATTTGCTGTAAATGTCATTCATGTAAAAAAATTACAGACATTTCTCTATTGCTTTATATTCTGTTTCTGGAATTGAAAAAATCCTGGGGTTTTATGGCTAGTGGGTTAAGAATCACATTTAAGAACTATAAATAATGGTATAGTATCCAGATTTGGTAGAGATTATGGTTACTCAGAATCTGTGCCCGTATCTTGGNNNNNNNNNNNNNNNNNNNNNNNNNNNNNNNNNNNNNNNNNNNNNNNNNNNNNNNNNNNNNNNNNNNNNNNNNNNNNNNNNNNNNNNNNNNNNNNNNNNNCTTACAGTTAGCAAAATCACTTCAGCAGTTCTTGGAATGTTGTGAAAAGTGATAAAAATCTTCTGCAACTTATTCCTTTATTCCTCATTTAAAATAATCTACCATAGTAAAAACATGTATAAAAGTGCTACTTCTGCACCACTTTTGAGAATAGTGTTATTTCAGTGAATCGATGTGGTGACCATATTGTAATGCATGTAGTGAACTGTTTAAGGCAAATCATCTACACTAGATGACCAGGAAATAGAGAGGAAATGTAATTTAATTTCCATTTTCTTTTTAGAGCAGTATACAAAGATGCTGATTTGTATTTATTAGACTCTCCTTTTGGATACCTAGATGTTTTAACAGAAAAAGAAATATTTGAAAGGTATGTTCTTTGAATACCTTACTTATAATGCTCATGCTAAAATAAAAGAAAGACAGACTGTCCCATCATAGATTGCATTTTACCTCTTGAGAAATATGTTCACCATTGTTGGTATGGCAGAATGTAGCATGGTATTAACTCAAATCTGATCTGCCCTACTGGGCCAGGATTCAAGATTACTTCCATTAAAACCTTTTCTCACCGCCTCATGCTAAACCAGTTTCTCTCATTGCTATACTGTTATAGCAATTGCTATCTATGTAGTTTTTGCAGTATCATTGCCTTGTGATATATATTACTTTAATTNNNNNNNNNNNNNNNNNNNNNNNNNNNNNNNNNNNNNNNNNNNNNNNNNNNNNNNNNNNNNNNNNNNNNNNNNNNNNNNNNNNNNNNNNNNNNNNNNNNNGAATTCACAAGGTACCAATTTAATTACTACAGAGTACTTATAGAATCATTTAAAATATAATAAAATTGTATGATAGAGATTATATGCAATAAAACATTAACAAAATGCTAAAATACGAGACATATTGCAATAAAGTATTTATAAAATTGATATTTATATGTTTTTATATCTTAAAGCTGTGTCTGTAAACTGATGGCTAACAAAACTAGGATTTTGGTCACTTCTAAAATGGAACATTTAAAGAAAGCTGACAAAATATTAATTTTGCATGAAGGTAGCAGCTATTTTTATGGGACATTTTCAGAACTCCAAAATCTACAGCCAGACTTTAGCTCAAAACTCATGGGATGTGATTCTTTCGACCAATTTAGTGCAGAAAGAAGAAATTCAATCCTAACTGAGACCTTACACCGTTTCTCATTAGAAGGAGATGCTCCTGTCTCCTGGACAGAAACAAAAAAACAATCTTTTAAACAGACTGGAGAGTTTGGGGAAAAAAGGAAGAATTCTATTCTCAATCCAATCAACTCTATACGAAAATTTTCCATTGTGCAAAAGACTCCCTTACAAATGAATGGCATCGAAGAGGATTCTGATGAGCCTTTAGAGAGAAGGCTGTCCTTAGTACCAGATTCTGAGCAGGGAGAGGCGATACTGCCTCGCATCAGCGTGATCAGCACTGGCCCCACGCTTCAGGCACGAAGGAGGCAGTCTGTCCTGAACCTGATGACACACTCAGTTAACCAAGGTCAGAACATTCACCGAAAGACAACAGCATCCACACGAAAAGTGTCACTGGCCCCTCAGGCAAACTTGACTGAACTGGATATATATTCAAGAAGGTTATCTCAAGAAACTGGCTTGGAAATAAGTGAAGAAATTAACGAAGAAGACTTAAAGGTAGGTATACATCGCTTGGGGGTATTTCACCCCACAGAATGCAATTGAGTAGAATGCAATATGTAGCATGTAACAAAATTTACTAAAATCATAGGATTAGGATAAGGTGTATCTTAAAACTCAGAAAGTATGAAGTTCATTAATTATACAAGCAACGTTAAAATGTAAAATAACAAATGATTTCTTTTTGCAATGGACATATCTCTTCCCATAAAATGGGAAAGGATTTAGTTTTTGGTCCTCTACTAAGCCAGTGATAACTGTGACTATAGTTAGAAAGCATTTGCTTTATTACCATCTTGAACCCTCTGTGNNNNNNNNNNNNNNNNNNNNNNNNNNNNNNNNNNNNNNNNNNNNNNNNNNNNNNNNNNNNNNNNNNNNNNNNNNNNNNNNNNNNNNNNNNNNNNNNNNNNGGAAACTTCATTTAGATGGTATCATTCATTTGATAAAAGGTATGCCACTGTTAAGCCTTTAATGGTAAAATTGTCCAATAATAATACAGTTATATAATCAGTGATACATTTTTAGAATTTTGAAAAATTACGATGTTTCTCATTTTTAATAAAGCTGTGTTGCTCCAGTAGACATTATTCTGGCTATAGAATGACATCATACATGGCATTTATAATGATTTATATTTGTTAAAATACACTTAGATTCAAGTAATACTATTCTTTTATTTTCATATATTAAAAATAAAACCACAATGGTGGCATGAAACTGTACTGTCTTATTGTAATAGCCATAATTCTTTTATTCAGGAGTGCTTTTTTGATGATATGGAGAGCATACCAGCAGTGACTACATGGAACACATACCTTCGATATATTACTGTCCACAAGAGCTTAATTTTTGTGCTAATTTGGTGCTTAGTAATTTTTCTGGCAGAGGTAAGAATGTTCTATTGTAAAGTATTACTGGATTTAAAGTTAAATTAAGATAGTTTGGGGATGTATACATATATATGCACACACATAAATATGTATATATACACATGTATACATGTATAAGTATGCATATATACACACATATATCACTATATGTATATATGTATATATTACATATATTTGTGATTTTACAGTATATAATGGTATAGATTCATATAGTTCTTAGCTTCTGAAAAATCAACAAGTAGAACCACTACTGANNNNNNNNNNNNNNNNNNNNNNNNNNNNNNNNNNNNNNNNNNNNNNNNNNNNNNNNNNNNNNNNNNNNNNNNNNNNNNNNNNNNNNNNNNNNNNNNNNNNGAATTCCATTAACTTAATGTGGTCTCATCACAAATAATAGTACTTAGAACACCTAGTACAGCTGCTGGACCCAGGAACACAAAGCAAAGGAAGATGAAATTGTGTGTACCTTGATATTGGTACACACATCAAATGGTGTGATGTGAATTTAGATGTGGGCATGGGAGGAATAGGTGAAGATGTTAGAAAAAAAATCAACTGTGTCTTGTTCCATTCCAGGTGGCTGCTTCTTTGGTTGTGCTGTGGCTCCTTGGAAAGTGAGTATTCCATGTCCTATTGTGTAGATTGTGTTTTATTTCTGTTGATTAAATATTGTAATCCACTATGTTTGTATGTATTGTAATCCACTTTGTTTCATTTCTCCCAAGCATTATGGTAGTGGAAAGATAAGGTTTTTTGTTTAAATGATGACCATTAGTTGGGTGAGGTGACACATTCCTGTAGTCCTAGCTCCTCCACAGGCTGACGCAGGAGGATCACTTGAGCCCAGGAGTTCAGGGCTGTAGTGTTGTATCATTGTGAGTAGCCACCACCGCACTCCAGCCTGGACAATATAGTGAGATCCTATATCTAAAATAAAATAAAATAAAATGAATAAATTGTGAGCATGTGCAGCTCCTGNNNNNNNNNNNNNNNNNNNNNNNNNNNNNNNNNNNNNNNNNNNNNNNNNNNNNNNNNNNNNNNNNNNNNNNNNNNNNNNNNNNNNNNNNNNNNNNNNNNNTCCTATATCTAAATAAATAAATAAATGAATAAATTGTGAGCATGTGCAGCTCCTGCAGTTTCTAAAGAATATAGTTCTGTTCAGTTTCTGTGAAACACAATAAAAATATTTGAAATAACATTACATATTTAGGGTTTTCTTCAAATTTTTTAATTTAATAAAGAACAACTCAATCTCTATCAATAGTGAGAAAACATATCTATTTTCTTGCAATAATAGTATGATTTTGAGGTTAAGGGTGCATGCTCTTCTAATGCAAAATATTGTATTTATTTAGACTCAAGTTTAGTTCCATTTACATGTATTGGAAATTCAGTAAGTAACTTTGGCTGCCAAATAACGATTTCCTATTTGCTTTACAGCACTCCTCTTCAAGACAAAGGGAATAGTACTCATAGTAGAAATAACAGCTATGCAGTGATTATCACCAGCACCAGTTCGTATTATGTGTTTTACATTTACGTGGGAGTAGCCGACACTTTGCTTGCTATGGGATTCTTCAGAGGTCTACCACTGGTGCATACTCTAATCACAGTGTCGAAAATTTTACACCACAAAATGTTACATTCTGTTCTTCAAGCACCTATGTCAACCCTCAACACGTTGAAAGCAGGTACTTTACTAGGTCTAAGAAATGAAACTGCTGATCCACCATCAATAGGGCCTGTGGTTTTGTTGGTTTTCTAATGGCAGTGCTGGCTTTTGCACAGAGGCATGTGCCTTTGTTNNNNNNNNNNNNNNNNNNNNNNNNNNNNNNNNNNNNNNNNNNNNNNNNNNNNNNNNNNNNNNNNNNNNNNNNNNNNNNNNNNNNNNNNNNNNNNNNNNNNGTAAGATTGTAAGCAGGATGAGTACCCACCTATTCCTGACATAATTTATAGTAAAAGCTATTTCAGAGAAATTGGTCGTTACTTGAATCTTACAAGAATCTGAAACTTTTAAAAAGGTTTAAAAGTAAAAGACAATAACTTGAACACATAATTATTTAGAATGTTTGGAAAGAAACAAAAATTTCTAAGTCTATCTGATTCTATTTGCTAATTCTTATTTGGGTTCTGAATGCGTCTACTGTGATCCAAACTTAGTATTGAATATATTGATATATCTTTAAAAAATTAGTGTTTTTTGAGGAATTTGTCATCTTGTATATTATAGGTGGGATTCTTAATAGATTCTCCAAAGATATAGCAATTTTGGATGACCTTCTGCCTCTTACCATATTTGACTTCATCCAGGTATGTAAAAATAAGTACCGTTAAGTATGTCTGTATTATTAAAAAAACAATAACAAAAGCAAATGTGATTTTGTTTTCATTTTTTATTTGATTGAGGGTTGAAGTCCTGTCTATTGCATTAATTTTGTAATTATCCAAAGCCTTCAAAATAGACATAAGTTTAGTAAATTCAATAATAAGTCAGAACTGCTTACCTGGCCCAAACCTGAGGCAATCCCACATTTAGATGTAATAGCTGTCTACTTGGGAGTGATTTGAGAGGCACAAAGGACCATCTTTCCCAAAATCACTGGCACNNNNNNNNNNNNNNNNNNNNNNNNNNNNNNNNNNNNNNNNNNNNNNNNNNNNNNNNNNNNNNNNNNNNNNNNNNNNNNNNNNNNNNNNNNNNNNNNNNNNAGTGCACCAGCATGGCACATGTATACATATGTAACTAACCTCGACAATGTGCACATGTACCCTAAAACTTAAAGTATAATAAAAAAAATAAAAAAAAGTTTGAGGTGTTTAAAGTATGCAAAAAAAAAAAAAGAAATAAATCACTGACACACTTTGTCCACTTTGCAATGTGAAAATGTTTACTCACCAACATGTTTTCTTTGATCTTACAGTTGTTATTAATTGTGATTGGAGCTATAGCAGTTGTCGCAGTTTTACAACCCTACATCTTTGTTGCAACAGTGCCAGTGATAGTGGCTTTTATTATGTTGAGAGCATATTTCCTCCAAACCTCACAGCAACTCAAACAACTGGAATCTGAAGGTATGACAGTGAATGTGCGATACTCATCTTGTAAAAAAGCTATAAGAGCTATTTGAGATTCTTTATTGTTAATCTACTTAAAAAAAATTCTGCTTTTAAACTTTTACATCATATAACAATAATTTTTTTCTACATGCATGTGTATATAAAAGGAAACTATATTACAAAGTACACATGGATTTTTTTTCTTAATTAATGACCATGTGACTTCATTTTGGTTTTAAAATAGGTATATAGAATCTTACCACAGTTGGTGTACAGGACATTCATTTATNNNNNNNNNNNNNNNNNNNNNNNNNNNNNNNNNNNNNNNNNNNNNNNNNNNNNNNNNNNNNNNNNNNNNNNNNNNNNNNNNNNNNNNNNNNNNNNNNNNNTTCAAAGAATGGCACCAGTGTGAAAAAAAGCTTTTTAACCAATGACATTTGTGATATGATTATTCTAATTTAGTCTTTTTCAGGTACAAGATATTATGAAAATTACATTTTGTGTTTATGTTATTTGCAATGTTTTCTATGGAAATATTTCACAGGCAGGAGTCCAATTTTCACTCATCTTGTTACAAGCTTAAAAGGACTATGGACACTTCGTGCCTTCGGACGGCAGCCTTACTTTGAAACTCTGTTCCACAAAGCTCTGAATTTACATACTGCCAACTGGTTCTTGTACCTGTCAACACTGCGCTGGTTCCAAATGAGAATAGAAATGATTTTTGTCATCTTCTTCATTGCTGTTACCTTCATTTCCATTTTAACAACAGGTACTATGAACTCATTAACTTTAGCTAAGCATTTAAGTAAAAAATTTTCAATGAATAAAATGCTGCATTCTATAGGTTATCAATTTTTGATATCTTTAGAGTTTAGTAATTAACAAATTTGTTGGTTTATTATTGAACAAGTGATTTCTTTGAAATTTCCATTGTTTTATTGTTAAACAAATAATTTCCTTGAAATCGGTATATATATATATATAGTATATATATATATATATATATATATATACATATATATATATAGTATTATCCCTGTTTTCACAGTTTTAAAAACCGATGCACACAGATTGTCGAGTAGCAATTCTGTGATTGAAGGGGAAATATGTCACCTCTTCATACTCATATTGGTGAAGGGTCCTAGCTTCAAAATTAATAGATTCCTAAAGAGGGGAAATGAAACACCGCATTTACACACACACACACACACACACACACAGAGTTCCTCTTGTCGGTAAGTTTGNNNNNNNNNNNNNNNNNNNNNNNNNNNNNNNNNNNNNNNNNNNNNNNNNNNNNNNNNNNNNNNNNNNNNNNNNNNNNNNNNNNNNNNNNNNNNNNNNNNNTTATTACTTATAGAATAATAGTAGAAGAGACAAATATGGTACCTACCCATTACCAACAACACCTCCAATACCAGTAACATTTTTTAAAAAGGGCAACACTTTCCTAATATTCAATCGCTCTTTGATTTAAAATCCTGGTTGAATACTTACTATATGCAGAGCATTATTCTATTAGTAGATGCTGTGATGAACTGAGATTTAAAAATTGTTAAAATTAGCATAAAATTGAAATGTAAATTTAATGTGATATGTGCCCTAGGAGAAGTGTGAATAAAGTCGTTCACAGAAGAGAGAAATAACATGAGGTTCATTTACGTCTTTTGTGCATCTATAGGAGAAGGAGAAGGAAGAGTTGGTATTATCCTGACTTTAGCCATGAATATCATGAGTACATTGCAGTGGGCTGTAAACTCCAGCATAGATGTGGATAGCTTGGTAAGTCTTATCATCTTTTTAACTTTTATGAAAAAAATTCAGACAAGTAACAAAGTATGAGTAATAGCATGAGGAAGAACTATATACCGTATATTGAGCTTAAGAAATAAAACATTACAGATAAATTGAGGGTCACTGTGTATCTGTCATTAAATCCTTATCTCTTCTTTCCTTCTCATAGATAGCCACTATGAAGATCTAATACTGCAGTGAGCATTCTTTCACCTGTTTCCTTATTCAGGATTTTCTAGGAGAAATACCTAGGGGTTGTATTGCTGGGTCATAGGATTCACCCATGCTTAACNNNNNNNNNNNNNNNNNNNNNNNNNNNNNNNNNNNNNNNNNNNNNNNNNNNNNNNNNNNNNNNNNNNNNNNNNNNNNNNNNNNNNNNNNNNNNNNNNNNNTTCTCTTCAGTTAAACTTTTAATTATATCCAATTATTTCCTGTTAGTTCATTGAAAAGCCCGACAAATAACCAAGTGACAAATAGCAAGTGTTGCATTTTACAAGTTATTTTTTAGGAAGCATCAAACTAATTGTGAAATTGTCTGCCATTCTTAAAAACAAAAATGTTGTTATTTTTATTTCAGATGCGATCTGTGAGCCGAGTCTTTAAGTTCATTGACATGCCAACAGAAGGTAAACCTACCAAGTCAACCAAACCATACAAGAATGGCCAACTCTCGAAAGTTATGATTATTGAGAATTCACACGTGAAGAAAGATGACATCTGGCCCTCAGGGGGCCAAATGACTGTCAAAGATCTCACAGCAAAATACACAGAAGGTGGAAATGCCATATTAGAGAACATTTCCTTCTCAATAAGTCCTGGCCAGAGGGTGAGATTTGAACACTGCTTGCTTTGTTAGACTGTGTTCAGTAAGTGAATCCCAGTAGCCTGAAGCAATGTGTTAGCAGAATCTATTTGTAACATTATTATTGTACAGTAGAATCAATATTAAACACACATGTTTTATTATATGGAGTCATTATTTTTAATATGAAATTTAATTTGCAGAGTCTGAACTATATATNNNNNNNNNNNNNNNNNNNNNNNNNNNNNNNNNNNNNNNNNNNNNNNNNNNNNNNNNNNNNNNNNNNNNNNNNNNNNNNNNNNNNNNNNNNNNNNNNNNNAAAGGTCAGTGATAAAGGAAGTCTGCATCAGGGGTCCAATTCCTTATGGCCAGTTTCTCTATTCTGTTCCAAGGTTGTTTGTCTCCATATATCAACATTGGTCAGGATTGAAAGTGTGCAACAAGGTTTGAATGAATAAGTGAAAATCTTCCACTGGTGACAGGATAAAATATTCCAATGGTTTTTATTGAAGTACAATACTGAATTATGTTTATGGCATGGTACCTATATGTCACAGAAGTGATCCCATCACTTTTACCTTATAGGTGGGCCTCTTGGGAAGAACTGGATCAGGGAAGAGTACTTTGTTATCAGCTTTTTTGAGACTACTGAACACTGAAGGAGAAATCCAGATCGATGGTGTGTCTTGGGATTCAATAACTTTGCAACAGTGGAGGAAAGCCTTTGGAGTGATACCACAGGTGAGCAAAAGGACTTAGCCAGAAAAAAGGCAACTAAATTATATTTTTTACTGCTATTTGATACTTGTACTCAAGAAATTCATATTACTCTGCAAAATATATTTGTTATGCATTGCTGTCTTTTTTTTCTCCAGTGCAGTTTTCTCATAGGCAGAAAAGATGTCTCTAAAAGTTTGGGAATTCNNNNNNNNNNNNNNNNNNNNNNNNNNNNNNNNNNNNNNNNNNNNNNNNNNNNNNNNNNNNNNNNNNNNNNNNNNNNNNNNNNNNNNNNNNNNNNNNNNNNTTTTTAATATTCTACAATTAACAATTATCTCAATTTCTTTATTCTAAAGACATTGGATTAGAAAAATGTTCACAAGGGACTCCAAATATTGCTGTAGTATTTGTTTCTTAAAAGAATGATACAAAGCAGACATGATAAAATATTAAAATTTGAGAGAACTTGATGGTAAGTACATGGGTGTTTCTTATTTTAAAATAATTTTTCTACTTGAAATATTTTACAATACAATAAGGGAAAAATAAAAAGTTATTTAAGTTATTCATACTTTCTTCTTCTTTTCTTTTTTGCTATAGAAAGTATTTATTTTTTCTGGAACATTTAGAAAAAACTTGGATCCCTATGAACAGTGGAGTGATCAAGAAATATGGAAAGTTGCAGATGAGGTAAGGCTGCTAACTGAAATGATTTTGAAAGGGGTAACTCATACCAACACAAATGGCTGATATAGCTGACATCATTCTACACACTTTGTGTGCATGTATGTGTGTGCACAACTTTAAAATGGAGTACCCTAACATACCTGGAGCAACAGGTACTTTTGACTGGACCTACCCCTAACTGAAATGATTTTGAAAGAGGTAACTCATACCAACACAAATGGTTGATATGGCTAAGATCATTCTACACACTTTGTGTGCATGTATTTCTGTGCACAACTTCAAAATGGAGTACCCTAAAATACCTGGCGCGACAAGTACTTTTGACTGAGCCTACTTNNNNNNNNNNNNNNNNNNNNNNNNNNNNNNNNNNNNNNNNNNNNNNNNNNNNNNNNNNNNNNNNNNNNNNNNNNNNNNNNNNNNNNNNNNNNNNNNNNNNCACAGTTGACTATTTTATGCTATCTTTTGTCCTCAGTCATGACAGAGTAGAAGATGGGAGGTAGCACCAAGGATGATGTCATACCTCCATCCTTTATGCTACATTCTATCTTCTGTCTACATAAGATGTCATACTAGAGGGCATATCTGCAATGTATACATATTATCTTTTCCAGCATGCATTCAGTTGTGTTGGAATAATTTATGTACACCTTTATAAACGCTGAGCCTCACAAGAGCCATGTGCCACGTATTGTTTCTTACTACTTTTGGATACCTGGCACGTAATAGACACTCATTGAAAGTTTCCTAATGAATGAAGTACAAAGATAAAACAAGTTATAGACTGATTCTTTTGAGCTGTCAAGGTTGTAAATAGACTTTTGCTCAATCAATTCAAATGGTGGCAGGTAGTGGGGGTAGAGGGATTGGTATGAAAAACATAAGCTTTCAGAACTCCTGTGTTTATTTTTAGAATGTCAACTGCTTGAGTGTTTTTAACTCTGTGGTATCTGAACTATCTTCTCTAACTGCAGGTTGGGCTCAGATCTGTGATAGAACAGTTTCCTGGGAAGCTTGACTTTGTCCTTGTGGATGGGGGCTGTGTCCTAAGCCATGGCCACAAGCAGTTGATGTGCTTGGCTAGATCTGTTCTCAGTAAGGCGAAGATCTTGCTGCTTGATGAACCCAGTGCTCATTTGGATCCAGTGTGAGTTTCAGATGTTCTGTTACTTAATAGCACAGTGGGAACAGAATCATTATGCCTGCTTCATGGTGACACATATTTCTATTAGGCTGTCATGTCTGCGTGTGGGGGTCTCCCAAGATATGAAATAATTGCCCAGTGGAAATGAGCATAAATGCATATTTCCTTGCTAAGAGTTCTTGTGTTTTCTTCCGAAGATAGTTTTNNNNNNNNNNNNNNNNNNNNNNNNNNNNNNNNNNNNNNNNNNNNNNNNNNNNNNNNNNNNNNNNNNNNNNNNNNNNNNNNNNNNNNNNNNNNNNNNNNNNGCATGTTTATAGCCCCAAATAAAAGAAGTACTGGTGATTCTACATAATGAAAATGTACTCATTTATTAAAGTTTCTTTGAAATATTTGTCCTGTTTATTTATGGATACTTAGAGTCTACCCCATGGTTGAAAAGCTGATTGTGCGTAACGCTATATCAACATTATGTGAAAAGAACTTAAAGAAATAAGTAATTTAAAGAGATAATAGAACAATAGACATATTATCAAGGTAAATACAGATCATTACTGTTCTGTGATATTATGTGTGGTATTTTCTTTCTTTTCTAGAACATACCAAATAATTAGAAGAACTCTAAAACAAGCATTTGCTGATTGCACAGTAATTCTCTGTGAACACAGGATAGAAGCAATGCTGGAATGCCAACAATTTTTGGTGAGTCTTTATAACTTTACTTAAGATCTCATTGCCCTTGTAATTCTTGATAACAATCTCACATGTGATAGTTCCTGCAAATTGCAACAATGTACAAGTTCTTTTCAAAAATATGTATCATACAGCCATCCAGCTTTACTCAAAATAGCTGCACAAGTTTTTCACTTTGATCTGAGCCATGTGGTGAGGTTGAAATATAGTAAATCTAAAATGGCAGCATATTACTAAGTTATGTTTATAAATAGGATATATATACTTTTGAGCCCTTTATTTGGGACCAAGTCATACAAAATACTCTACTGTTTAAGATTTTAAAAAAGGTCCCTGTGATTCTTTCAATAACTAAATGTCCCATGGATGTGGTCTGGACAGGCCTAGTTGTCTTACAGTCTGATTTATGGTATTAATGACAAAGTTGAGAGGCACATTTCATTTTTCTAGCCATGATTTGGGTTCAGGTAGTACCTTTCTCAACCACCTTCTCACTGTTCTTAAAAAAACTGTCACATGGCCAGGCACAGTGGCTTACATCTGTAATCCCAATACTTTGGGAGGCTGAGGTGGGGGGATTACTTGAGGCCAGGAATTCNNNNNNNNNNNNNNNNNNNNNNNNNNNNNNNNNNNNNNNNNNNNNNNNNNNNNNNNNNNNNNNNNNNNNNNNNNNNNNNNNNNNNNNNNNNNNNNNNNNNAGATGGTAGAACCTCCTTAGAGCAAAAGGACACAGCAGTTAAATGTGACATACCTGATTGTTCAAAATGCAAGGCTCTGGACATTGCATTCTTTGACTTTTATTTTCCTTTGAGCCTGTGCCAGTTTCTGTCCCTGCTCTGGTCTGACCTGCCTTCTGTCCCAGATCTCACTAACAGCCATTTCCCTAGGTCATAGAAGAGAACAAAGTGCGGCAGTACGATTCCATCCAGAAACTGCTGAACGAGAGGAGCCTCTTCCGGCAAGCCATCAGCCCCTCCGACAGGGTGAAGCTCTTTCCCCACCGGAACTCAAGCAAGTGCAAGTCTAAGCCCCAGATTGCTGCTCTGAAAGAGGAGACAGAAGAAGAGGTGCAAGATACAAGGCTTTAGAGAGCAGCATAAATGTTGACATGGGACATTTGCTCATGGAATTGGAGCTCGTGGGACAGTCACCTCATGGAATTGGAGCTCGTGGAACAGTTACCTCTGCCTCAGAAAACAAGGATGAATTAAGTTTTTTTTTAAAAAAGAAACATTTGGTAAGGGGAATTGAGGACACTGATATGGGTCTTGATAAATGGCTTCCTGGCAATAGTCAAATTGTGTGAAAGGTACTTCAAATCCTTGAAGATTTACCACTTGTGTTTTGCAAGCCAGATTTTCCTGAAAACCCTTGCCATGTGCTAGTAATTGGAAAGGCAGCTCTAAATGTCAATCAGCCTAGTTGATCAGCTTATTGTCTAGTGAAACTCGTTAATTTGTAGTGTTGGAGAAGAACTGAAATCATACTTCTTAGGGTTATGATTAAGTAATGATAACTGGAACTCAGCGGTTTATATAAGCTTGTATTCCTTTTTCTCTCCTCTCCCCATGATGTTTAGAAACACAACTATATTGTTTGCTAAGCATTCCAACTATCTCATTTCCAAGCAAGTATTAGAATACCACAGGAACCACAAGACTGCACATCAAAATATGCCCCATTCAACATCTAGTGAGCAGTCAGGAAAGAGAACTTCCAGATCCTGGAAATCAGGGTTAGTATTGTCCAGGTCTACCAAAAATCTCAATATTTCAGATAATCACAATACATCCCTTACCTGGGAAAGGGCTGTTATAATCTTTCACAGGGGACAGGATGGTTCCCTTACCTGGGAAAGGGCTGTTATAATCTTTCACAGGGGACAGGATGGTTCCCTTGATGAAGAAGTTGATATGCCTTTTCCCAACTCCAGAAAGTGACAAGCTCACAGACCTTTGAACTAGAGTTTAGCTGGAAAAGTATGTTAGTGCAAATTGTCACAGGACAGCCCTTCTTTCCACAGAAGCTCCAGGTAGAGGGTGTGTAAGTAGATAGGCCATGGGCACTGTGGGTAGACACACATGAAGTCCAAGCATTTAGATGTATAGGTTGATGGTGGTATGTTTTCAGGCTAGATGTATGTACTTCATGCTGTCTACACTAAGAGAGAATGAGAGACACACTGAAGAAGCACCAATCATGAATTAGTTTTATATGCTTCTGTTTTATAATTTTGTGAAGCAAAATTTTTTCTCTAGGAAATATTTATTTTAATAATGTTTCAAACATATATTACAATGCTGTATTTTAAAAGAATGATTATGAATTACATTTGTATAAAATAATTTTTATATTTGAAATATTGACTTTTTATGGCACTAGTATTTTTATGAAATATTATGTTAAAACTGGGACAGGGGAGAACCTAGGGTGATATTAACCAGGGGCCATGAATCACCTTTTGGTCTGGAGGGAAGCCTTGGGGCTGATCGAGGTTGTTGCCCACAGCTGTATGATTCCCAGCCAGACACAGCCTCTTAGATGCAGTTCTGAAGAAGATGGTACCACCAGTCTGACTGTTTCCATCAAGGGTACACTGCCTTCTCAACTCCAAACTGACTCTTAAGAAGACTGCATTATATTTATTACTGTAAGAAAATATCACTTGTCAATAAAATCCATACATTTGTGTGAAACTTTGTTGTTTTCAGATGCGTTCACTTGTCATGTTTCATCAGTCTCTCACTCCAATTTCTAAGCTTCATGGAACATGAAACACGAATCTGTCTTTTAGATATAGCCTC,S,,
,TTCACATAGTTTCTTACCTCTTCTAGTTGGCATGCTTTGATGACGCTTCTGTATCTATATTCATCATAGGAAACACCAAAGATGATATTTTCTTTAATGGTGCCAGGCATAATCCAGGAAAACTGAGAACAGAATGAAATTCTTCCACTGTGCTTAATTTTACCCTCTGAAGGCTCCAGTTCTCCCATAATCACCATTAGAAGTGAAGTCTGGAAATAAAACCCATCATTA,S,,
,TAATGATGGGTTTTATTTCCAGACTTCACTTCTAATGGTGATTATGGGAGAACTGGAGCCTTCAGAGGGTAAAATTAAGCACAGTGGAAGAATTTCATTCTGTTCTCAGTTTTCCTGGATTATGCCTGGCACCATTAAAGAAAATATCATCTTTGGTGTTTCCTATGATGAATATAGATACAGAAGCGTCATCAAAGCATGCCAACTAGAAGAGGTAAGAAACTATGTGAA,I,,
,AAAATATCATCTTTGGTGTTTCC,S,,
,AAAATATCATCTTTGGTGTTTCC,I,,
,AAAATATCATCTTTGGTGTTTCC,S,,
,CGCCAGCGTATTCCCAGTCA,S,,
,GCGGTCGCATAAGGGTCAGT,D,,
,GATTGATTGATTGATTGATT,I,,
,TTTTTAACAGGGATTTGGG,D,,
,CACAGTTCCCATATTAATAGAAATG,S,,
,GTTACACTATAAAGGTTGTTTTAGAC,I,,
,AATATGTTGAAAGTTAAACAGTG,S,,
,TTCAGTTGACTTGTCATCTTG,D,,
,CCTACACTCAGAACCCATCAT,D,,
,CTGAGATTCTGTTCTAGGTGTG,D,,
,CCTCCTCTGATTCCACAAG,S,,
,AATGGTGTTTACCTACCTAGAGAA,I,,
,GAGCAAATGTCCCATGTCAAC,D,,
,AGTTTCTGTCCCTGCTCT,D,,
,CAAGGGCAATGAGATCTTAAG,S,,
,GTTCTGTGATATTATGTGTGG,S,,
,ATGATTCTGTTCCCACTGTGC,D,,
,GCTTGAGTGTTTTTAACTCTGTG,S,,
,GTTAGGGGTAGGTCCAGT,D,,
,ACATGGGTGTTTCTTATTTA,D,,
,GCCTATGAGAAAACTGCACT,S,,
,AAGGTTGTTTGTCTCCATATAT,S,,
,CTAACACATTGCTTCAGGCTA,D,,
,GCCCGACAAATAACCAAGTGA,S,,
,GTTCTTCCTCATGCTATTACTC,I,,
,GAATACTTACTATATGCAGAGCA,D,,
,CAATGGAAATTCAAAGAAATCACT,D,,
,TAGTCTTTTTCAGGTACAAG,D,,
,CAATAAAGAATCTCAAATAGCTCT,S,,
,TGTCCACTTGCAATGTGAA,D,,
,GTTTTTTTAATAATACAGACATACT,I,,
,AAGTCTATCTGATTCTATTTGC,S,,
,CTGCCATTAGAAAACCA,S,,
,AAGTAACTTTGGCTGC,D,,
,TTACAATACATACAAACATAGTGG,I,,
,TGGGCATGGGAGGAATAGGTG,I,,
,TGTATACATCCCCAAACTATC,D,,
,ACCACAATGGTGGCATGA,D,,
,GATACACCTTATCCTAATCCTA,S,,
,CTCATGGGATGTGATTCTTT,I,,
,TCCAGGAGACAGGAGCATC,D,,
,CAAAATGCTAAAATACGAGAC,D,,
,CAGTCTGTCTTTCTTTTATTTTA,D,,
,GCTACTTCTGCACCACTTTTG,D,,
,TACATGAATGACATTTACAGCA,D,,
,TCATTTTAAGTCTCCTCTAAAG,I,,
,CGATACAGAATATATGTGCCA,D,,
,AACAACTAGAAGCATGCCAG,D,,
,GTTGTATAATTTATAACAATAGTG,D,,
,GGAAGATACAATGACACCTG,D,,
,CTGAAGATCACTGTTCTATGC,I,,
,ATGACTTAAAACCTTGAGCAGT,I,,
,GGAAGTCTACCATGATAAACAT,D,,
,GAGACCATGCTCAGATCTTCC,D,,
,ACTTTTATAACTTCCTAGTGAAG,D,,
,AAGATGTAGCACAATGAGAGTA,D,,
,CAGTTAGGTGTTTAGAGCAA,S,,
,GTATACAGTGTAATGGATCATG,D,,
,CACCAAATTAAGTTCTTAATAG,S,,
,TTCTGCTTAGGATGATAATTGG,D,,
,GCATAGGTCATGTGTTTTATTA,D,,
,CAGATTGAGCATACTAAAAGTG,D,,
